date,medicament,conso_jour,livraison,stock_fin,alerte_rupture,jours_stock
2024-01-01,Paracétamol_1g,4895,0,157105,False,32.1
2024-01-01,Antibiotiques,3652,0,25508,True,7.0
2024-01-01,Morphine_IV,764,0,5716,False,7.5
2024-01-01,Heparine,11869,0,85331,False,7.2
2024-01-01,Insuline,118966,0,75434,True,0.6
2024-01-02,Paracétamol_1g,5012,16200,168293,False,33.6
2024-01-02,Antibiotiques,3238,2916,25187,False,7.8
2024-01-02,Morphine_IV,761,648,5603,False,7.4
2024-01-02,Heparine,11451,9720,83600,False,7.3
2024-01-02,Insuline,119610,19440,-24736,True,-0.2
2024-01-03,Paracétamol_1g,4849,0,163445,False,33.7
2024-01-03,Antibiotiques,3427,0,21760,True,6.3
2024-01-03,Morphine_IV,806,0,4797,True,5.9
2024-01-03,Heparine,12005,0,71595,True,6.0
2024-01-03,Insuline,124217,0,-124217,True,-1.0
2024-01-04,Paracétamol_1g,5051,16200,174593,False,34.6
2024-01-04,Antibiotiques,3699,2916,20976,True,5.7
2024-01-04,Morphine_IV,762,648,4683,True,6.1
2024-01-04,Heparine,12835,9720,68480,True,5.3
2024-01-04,Insuline,117751,19440,-98311,True,-0.8
2024-01-05,Paracétamol_1g,5432,0,169162,False,31.1
2024-01-05,Antibiotiques,3700,0,17277,True,4.7
2024-01-05,Morphine_IV,719,0,3963,True,5.5
2024-01-05,Heparine,11735,0,56745,True,4.8
2024-01-05,Insuline,114042,0,-114042,True,-1.0
2024-01-06,Paracétamol_1g,5089,0,164073,False,32.2
2024-01-06,Antibiotiques,3620,0,13656,True,3.8
2024-01-06,Morphine_IV,799,0,3164,True,4.0
2024-01-06,Heparine,11120,0,45625,True,4.1
2024-01-06,Insuline,111599,0,-111599,True,-1.0
2024-01-07,Paracétamol_1g,4797,0,159276,False,33.2
2024-01-07,Antibiotiques,3316,0,10341,True,3.1
2024-01-07,Morphine_IV,780,0,2384,True,3.1
2024-01-07,Heparine,10516,0,35109,True,3.3
2024-01-07,Insuline,113002,0,-113002,True,-1.0
2024-01-08,Paracétamol_1g,5315,0,153960,False,29.0
2024-01-08,Antibiotiques,3357,0,6983,True,2.1
2024-01-08,Morphine_IV,804,0,1580,True,2.0
2024-01-08,Heparine,11563,0,23546,True,2.0
2024-01-08,Insuline,120673,0,-120673,True,-1.0
2024-01-09,Paracétamol_1g,4938,16200,165223,False,33.5
2024-01-09,Antibiotiques,3518,2916,6382,True,1.8
2024-01-09,Morphine_IV,816,648,1412,True,1.7
2024-01-09,Heparine,11715,9720,21552,True,1.8
2024-01-09,Insuline,121848,19440,-102408,True,-0.8
2024-01-10,Paracétamol_1g,4832,0,160391,False,33.2
2024-01-10,Antibiotiques,3395,0,2986,True,0.9
2024-01-10,Morphine_IV,794,0,618,True,0.8
2024-01-10,Heparine,12189,0,9363,True,0.8
2024-01-10,Insuline,125610,0,-125610,True,-1.0
2024-01-11,Paracétamol_1g,4396,16200,172196,False,39.2
2024-01-11,Antibiotiques,3985,2916,1917,True,0.5
2024-01-11,Morphine_IV,786,648,479,True,0.6
2024-01-11,Heparine,11663,9720,7420,True,0.6
2024-01-11,Insuline,121062,19440,-101622,True,-0.8
2024-01-12,Paracétamol_1g,4930,0,167265,False,33.9
2024-01-12,Antibiotiques,3435,0,-1518,True,-0.4
2024-01-12,Morphine_IV,792,0,-312,True,-0.4
2024-01-12,Heparine,12447,0,-5027,True,-0.4
2024-01-12,Insuline,112142,0,-112142,True,-1.0
2024-01-13,Paracétamol_1g,4702,0,162563,False,34.6
2024-01-13,Antibiotiques,3637,0,-3637,True,-1.0
2024-01-13,Morphine_IV,824,0,-824,True,-1.0
2024-01-13,Heparine,11290,0,-11290,True,-1.0
2024-01-13,Insuline,121591,0,-121591,True,-1.0
2024-01-14,Paracétamol_1g,4637,0,157926,False,34.1
2024-01-14,Antibiotiques,3660,0,-3660,True,-1.0
2024-01-14,Morphine_IV,785,0,-785,True,-1.0
2024-01-14,Heparine,12306,0,-12306,True,-1.0
2024-01-14,Insuline,106897,0,-106897,True,-1.0
2024-01-15,Paracétamol_1g,4945,0,152981,False,30.9
2024-01-15,Antibiotiques,3772,0,-3772,True,-1.0
2024-01-15,Morphine_IV,795,0,-795,True,-1.0
2024-01-15,Heparine,11526,0,-11526,True,-1.0
2024-01-15,Insuline,117321,0,-117321,True,-1.0
2024-01-16,Paracétamol_1g,5194,16200,163986,False,31.6
2024-01-16,Antibiotiques,3601,2916,-685,True,-0.2
2024-01-16,Morphine_IV,755,648,-107,True,-0.1
2024-01-16,Heparine,11385,9720,-1665,True,-0.1
2024-01-16,Insuline,107230,19440,-87790,True,-0.8
2024-01-17,Paracétamol_1g,4892,0,159094,False,32.5
2024-01-17,Antibiotiques,3677,0,-3677,True,-1.0
2024-01-17,Morphine_IV,807,0,-807,True,-1.0
2024-01-17,Heparine,11371,0,-11371,True,-1.0
2024-01-17,Insuline,114102,0,-114102,True,-1.0
2024-01-18,Paracétamol_1g,5651,16200,169643,False,30.0
2024-01-18,Antibiotiques,3895,2916,-979,True,-0.3
2024-01-18,Morphine_IV,785,648,-137,True,-0.2
2024-01-18,Heparine,12778,9720,-3058,True,-0.2
2024-01-18,Insuline,124709,19440,-105269,True,-0.8
2024-01-19,Paracétamol_1g,4744,0,164899,False,34.8
2024-01-19,Antibiotiques,3614,0,-3614,True,-1.0
2024-01-19,Morphine_IV,794,0,-794,True,-1.0
2024-01-19,Heparine,10253,0,-10253,True,-1.0
2024-01-19,Insuline,112513,0,-112513,True,-1.0
2024-01-20,Paracétamol_1g,4778,0,160121,False,33.5
2024-01-20,Antibiotiques,3453,0,-3453,True,-1.0
2024-01-20,Morphine_IV,818,0,-818,True,-1.0
2024-01-20,Heparine,12533,0,-12533,True,-1.0
2024-01-20,Insuline,123680,0,-123680,True,-1.0
2024-01-21,Paracétamol_1g,5067,0,155054,False,30.6
2024-01-21,Antibiotiques,3538,0,-3538,True,-1.0
2024-01-21,Morphine_IV,763,0,-763,True,-1.0
2024-01-21,Heparine,12511,0,-12511,True,-1.0
2024-01-21,Insuline,116931,0,-116931,True,-1.0
2024-01-22,Paracétamol_1g,4845,0,150209,False,31.0
2024-01-22,Antibiotiques,3383,0,-3383,True,-1.0
2024-01-22,Morphine_IV,854,0,-854,True,-1.0
2024-01-22,Heparine,13387,0,-13387,True,-1.0
2024-01-22,Insuline,113671,0,-113671,True,-1.0
2024-01-23,Paracétamol_1g,4915,16200,161494,False,32.9
2024-01-23,Antibiotiques,3586,2916,-670,True,-0.2
2024-01-23,Morphine_IV,808,648,-160,True,-0.2
2024-01-23,Heparine,11474,9720,-1754,True,-0.2
2024-01-23,Insuline,119813,19440,-100373,True,-0.8
2024-01-24,Paracétamol_1g,4768,0,156726,False,32.9
2024-01-24,Antibiotiques,3450,0,-3450,True,-1.0
2024-01-24,Morphine_IV,749,0,-749,True,-1.0
2024-01-24,Heparine,12861,0,-12861,True,-1.0
2024-01-24,Insuline,107962,0,-107962,True,-1.0
2024-01-25,Paracétamol_1g,4766,16200,168160,False,35.3
2024-01-25,Antibiotiques,3695,2916,-779,True,-0.2
2024-01-25,Morphine_IV,858,648,-210,True,-0.2
2024-01-25,Heparine,11316,9720,-1596,True,-0.1
2024-01-25,Insuline,115916,19440,-96476,True,-0.8
2024-01-26,Paracétamol_1g,4752,0,163408,False,34.4
2024-01-26,Antibiotiques,3535,0,-3535,True,-1.0
2024-01-26,Morphine_IV,801,0,-801,True,-1.0
2024-01-26,Heparine,12006,0,-12006,True,-1.0
2024-01-26,Insuline,114201,0,-114201,True,-1.0
2024-01-27,Paracétamol_1g,4885,0,158523,False,32.5
2024-01-27,Antibiotiques,3428,0,-3428,True,-1.0
2024-01-27,Morphine_IV,771,0,-771,True,-1.0
2024-01-27,Heparine,11476,0,-11476,True,-1.0
2024-01-27,Insuline,105204,0,-105204,True,-1.0
2024-01-28,Paracétamol_1g,4985,0,153538,False,30.8
2024-01-28,Antibiotiques,3797,0,-3797,True,-1.0
2024-01-28,Morphine_IV,679,0,-679,True,-1.0
2024-01-28,Heparine,10846,0,-10846,True,-1.0
2024-01-28,Insuline,114218,0,-114218,True,-1.0
2024-01-29,Paracétamol_1g,5046,0,148492,False,29.4
2024-01-29,Antibiotiques,3278,0,-3278,True,-1.0
2024-01-29,Morphine_IV,757,0,-757,True,-1.0
2024-01-29,Heparine,11166,0,-11166,True,-1.0
2024-01-29,Insuline,107475,0,-107475,True,-1.0
2024-01-30,Paracétamol_1g,5124,16200,159567,False,31.1
2024-01-30,Antibiotiques,3386,2916,-470,True,-0.1
2024-01-30,Morphine_IV,828,648,-180,True,-0.2
2024-01-30,Heparine,12884,9720,-3164,True,-0.2
2024-01-30,Insuline,119163,19440,-99723,True,-0.8
2024-01-31,Paracétamol_1g,5205,0,154362,False,29.7
2024-01-31,Antibiotiques,3593,0,-3593,True,-1.0
2024-01-31,Morphine_IV,757,0,-757,True,-1.0
2024-01-31,Heparine,11409,0,-11409,True,-1.0
2024-01-31,Insuline,123192,0,-123192,True,-1.0
2024-02-01,Paracétamol_1g,5279,16200,165282,False,31.3
2024-02-01,Antibiotiques,3531,2916,-615,True,-0.2
2024-02-01,Morphine_IV,759,648,-111,True,-0.1
2024-02-01,Heparine,12292,9720,-2572,True,-0.2
2024-02-01,Insuline,122591,19440,-103151,True,-0.8
2024-02-02,Paracétamol_1g,5148,0,160134,False,31.1
2024-02-02,Antibiotiques,3335,0,-3335,True,-1.0
2024-02-02,Morphine_IV,734,0,-734,True,-1.0
2024-02-02,Heparine,12232,0,-12232,True,-1.0
2024-02-02,Insuline,112621,0,-112621,True,-1.0
2024-02-03,Paracétamol_1g,4809,0,155326,False,32.3
2024-02-03,Antibiotiques,3474,0,-3474,True,-1.0
2024-02-03,Morphine_IV,781,0,-781,True,-1.0
2024-02-03,Heparine,11398,0,-11398,True,-1.0
2024-02-03,Insuline,118858,0,-118858,True,-1.0
2024-02-04,Paracétamol_1g,4780,0,150546,False,31.5
2024-02-04,Antibiotiques,3251,0,-3251,True,-1.0
2024-02-04,Morphine_IV,721,0,-721,True,-1.0
2024-02-04,Heparine,11422,0,-11422,True,-1.0
2024-02-04,Insuline,119568,0,-119568,True,-1.0
2024-02-05,Paracétamol_1g,4834,0,145713,False,30.1
2024-02-05,Antibiotiques,3313,0,-3313,True,-1.0
2024-02-05,Morphine_IV,808,0,-808,True,-1.0
2024-02-05,Heparine,11616,0,-11616,True,-1.0
2024-02-05,Insuline,110155,0,-110155,True,-1.0
2024-02-06,Paracétamol_1g,4987,16200,156925,False,31.5
2024-02-06,Antibiotiques,3699,2916,-783,True,-0.2
2024-02-06,Morphine_IV,799,648,-151,True,-0.2
2024-02-06,Heparine,12170,9720,-2450,True,-0.2
2024-02-06,Insuline,118105,19440,-98665,True,-0.8
2024-02-07,Paracétamol_1g,5466,0,151460,False,27.7
2024-02-07,Antibiotiques,3876,0,-3876,True,-1.0
2024-02-07,Morphine_IV,900,0,-900,True,-1.0
2024-02-07,Heparine,11738,0,-11738,True,-1.0
2024-02-07,Insuline,114500,0,-114500,True,-1.0
2024-02-08,Paracétamol_1g,4998,16200,162661,False,32.5
2024-02-08,Antibiotiques,3217,2916,-301,True,-0.1
2024-02-08,Morphine_IV,786,648,-138,True,-0.2
2024-02-08,Heparine,11885,9720,-2165,True,-0.2
2024-02-08,Insuline,120112,19440,-100672,True,-0.8
2024-02-09,Paracétamol_1g,5577,0,157084,False,28.2
2024-02-09,Antibiotiques,3731,0,-3731,True,-1.0
2024-02-09,Morphine_IV,801,0,-801,True,-1.0
2024-02-09,Heparine,12226,0,-12226,True,-1.0
2024-02-09,Insuline,118205,0,-118205,True,-1.0
2024-02-10,Paracétamol_1g,4571,0,152513,False,33.4
2024-02-10,Antibiotiques,3567,0,-3567,True,-1.0
2024-02-10,Morphine_IV,744,0,-744,True,-1.0
2024-02-10,Heparine,11365,0,-11365,True,-1.0
2024-02-10,Insuline,116015,0,-116015,True,-1.0
2024-02-11,Paracétamol_1g,5204,0,147308,False,28.3
2024-02-11,Antibiotiques,3653,0,-3653,True,-1.0
2024-02-11,Morphine_IV,811,0,-811,True,-1.0
2024-02-11,Heparine,10883,0,-10883,True,-1.0
2024-02-11,Insuline,112535,0,-112535,True,-1.0
2024-02-12,Paracétamol_1g,4814,0,142494,False,29.6
2024-02-12,Antibiotiques,3532,0,-3532,True,-1.0
2024-02-12,Morphine_IV,738,0,-738,True,-1.0
2024-02-12,Heparine,12029,0,-12029,True,-1.0
2024-02-12,Insuline,115422,0,-115422,True,-1.0
2024-02-13,Paracétamol_1g,4781,16200,153914,False,32.2
2024-02-13,Antibiotiques,3536,2916,-620,True,-0.2
2024-02-13,Morphine_IV,793,648,-145,True,-0.2
2024-02-13,Heparine,10804,9720,-1084,True,-0.1
2024-02-13,Insuline,108708,19440,-89268,True,-0.8
2024-02-14,Paracétamol_1g,4874,0,149040,False,30.6
2024-02-14,Antibiotiques,3665,0,-3665,True,-1.0
2024-02-14,Morphine_IV,872,0,-872,True,-1.0
2024-02-14,Heparine,11641,0,-11641,True,-1.0
2024-02-14,Insuline,123620,0,-123620,True,-1.0
2024-02-15,Paracétamol_1g,5105,16200,160136,False,31.4
2024-02-15,Antibiotiques,3636,2916,-720,True,-0.2
2024-02-15,Morphine_IV,796,648,-148,True,-0.2
2024-02-15,Heparine,11277,9720,-1557,True,-0.1
2024-02-15,Insuline,117113,19440,-97673,True,-0.8
2024-02-16,Paracétamol_1g,4922,0,155213,False,31.5
2024-02-16,Antibiotiques,3598,0,-3598,True,-1.0
2024-02-16,Morphine_IV,818,0,-818,True,-1.0
2024-02-16,Heparine,12424,0,-12424,True,-1.0
2024-02-16,Insuline,119698,0,-119698,True,-1.0
2024-02-17,Paracétamol_1g,4215,0,150998,False,35.8
2024-02-17,Antibiotiques,3702,0,-3702,True,-1.0
2024-02-17,Morphine_IV,753,0,-753,True,-1.0
2024-02-17,Heparine,10316,0,-10316,True,-1.0
2024-02-17,Insuline,117597,0,-117597,True,-1.0
2024-02-18,Paracétamol_1g,4668,0,146331,False,31.4
2024-02-18,Antibiotiques,3404,0,-3404,True,-1.0
2024-02-18,Morphine_IV,791,0,-791,True,-1.0
2024-02-18,Heparine,10433,0,-10433,True,-1.0
2024-02-18,Insuline,118080,0,-118080,True,-1.0
2024-02-19,Paracétamol_1g,4819,0,141512,False,29.4
2024-02-19,Antibiotiques,3583,0,-3583,True,-1.0
2024-02-19,Morphine_IV,727,0,-727,True,-1.0
2024-02-19,Heparine,12291,0,-12291,True,-1.0
2024-02-19,Insuline,116006,0,-116006,True,-1.0
2024-02-20,Paracétamol_1g,5384,16200,152328,False,28.3
2024-02-20,Antibiotiques,3556,2916,-640,True,-0.2
2024-02-20,Morphine_IV,816,648,-168,True,-0.2
2024-02-20,Heparine,12261,9720,-2541,True,-0.2
2024-02-20,Insuline,115022,19440,-95582,True,-0.8
2024-02-21,Paracétamol_1g,5284,0,147044,False,27.8
2024-02-21,Antibiotiques,3520,0,-3520,True,-1.0
2024-02-21,Morphine_IV,797,0,-797,True,-1.0
2024-02-21,Heparine,12677,0,-12677,True,-1.0
2024-02-21,Insuline,120216,0,-120216,True,-1.0
2024-02-22,Paracétamol_1g,5088,16200,158157,False,31.1
2024-02-22,Antibiotiques,3760,2916,-844,True,-0.2
2024-02-22,Morphine_IV,799,648,-151,True,-0.2
2024-02-22,Heparine,13533,9720,-3813,True,-0.3
2024-02-22,Insuline,124746,19440,-105306,True,-0.8
2024-02-23,Paracétamol_1g,4911,0,153246,False,31.2
2024-02-23,Antibiotiques,3539,0,-3539,True,-1.0
2024-02-23,Morphine_IV,808,0,-808,True,-1.0
2024-02-23,Heparine,11651,0,-11651,True,-1.0
2024-02-23,Insuline,99947,0,-99947,True,-1.0
2024-02-24,Paracétamol_1g,4366,0,148880,False,34.1
2024-02-24,Antibiotiques,3426,0,-3426,True,-1.0
2024-02-24,Morphine_IV,813,0,-813,True,-1.0
2024-02-24,Heparine,12259,0,-12259,True,-1.0
2024-02-24,Insuline,119279,0,-119279,True,-1.0
2024-02-25,Paracétamol_1g,4937,0,143943,False,29.2
2024-02-25,Antibiotiques,3561,0,-3561,True,-1.0
2024-02-25,Morphine_IV,846,0,-846,True,-1.0
2024-02-25,Heparine,11180,0,-11180,True,-1.0
2024-02-25,Insuline,125068,0,-125068,True,-1.0
2024-02-26,Paracétamol_1g,5426,0,138517,False,25.5
2024-02-26,Antibiotiques,3367,0,-3367,True,-1.0
2024-02-26,Morphine_IV,740,0,-740,True,-1.0
2024-02-26,Heparine,12060,0,-12060,True,-1.0
2024-02-26,Insuline,116590,0,-116590,True,-1.0
2024-02-27,Paracétamol_1g,5659,16200,149058,False,26.3
2024-02-27,Antibiotiques,3675,2916,-759,True,-0.2
2024-02-27,Morphine_IV,788,648,-140,True,-0.2
2024-02-27,Heparine,12007,9720,-2287,True,-0.2
2024-02-27,Insuline,119727,19440,-100287,True,-0.8
2024-02-28,Paracétamol_1g,5125,0,143933,False,28.1
2024-02-28,Antibiotiques,3446,0,-3446,True,-1.0
2024-02-28,Morphine_IV,865,0,-865,True,-1.0
2024-02-28,Heparine,12361,0,-12361,True,-1.0
2024-02-28,Insuline,122694,0,-122694,True,-1.0
2024-02-29,Paracétamol_1g,5006,16200,155127,False,31.0
2024-02-29,Antibiotiques,3270,2916,-354,True,-0.1
2024-02-29,Morphine_IV,826,648,-178,True,-0.2
2024-02-29,Heparine,11837,9720,-2117,True,-0.2
2024-02-29,Insuline,125254,19440,-105814,True,-0.8
2024-03-01,Paracétamol_1g,4925,0,150202,False,30.5
2024-03-01,Antibiotiques,3749,0,-3749,True,-1.0
2024-03-01,Morphine_IV,734,0,-734,True,-1.0
2024-03-01,Heparine,11424,0,-11424,True,-1.0
2024-03-01,Insuline,120110,0,-120110,True,-1.0
2024-03-02,Paracétamol_1g,4614,0,145587,False,31.6
2024-03-02,Antibiotiques,3551,0,-3551,True,-1.0
2024-03-02,Morphine_IV,713,0,-713,True,-1.0
2024-03-02,Heparine,11130,0,-11130,True,-1.0
2024-03-02,Insuline,107558,0,-107558,True,-1.0
2024-03-03,Paracétamol_1g,4633,0,140954,False,30.4
2024-03-03,Antibiotiques,3260,0,-3260,True,-1.0
2024-03-03,Morphine_IV,794,0,-794,True,-1.0
2024-03-03,Heparine,10934,0,-10934,True,-1.0
2024-03-03,Insuline,104359,0,-104359,True,-1.0
2024-03-04,Paracétamol_1g,4576,0,136378,False,29.8
2024-03-04,Antibiotiques,3342,0,-3342,True,-1.0
2024-03-04,Morphine_IV,821,0,-821,True,-1.0
2024-03-04,Heparine,11804,0,-11804,True,-1.0
2024-03-04,Insuline,115583,0,-115583,True,-1.0
2024-03-05,Paracétamol_1g,4379,16200,148199,False,33.8
2024-03-05,Antibiotiques,3257,2916,-341,True,-0.1
2024-03-05,Morphine_IV,758,648,-110,True,-0.1
2024-03-05,Heparine,11756,9720,-2036,True,-0.2
2024-03-05,Insuline,111423,19440,-91983,True,-0.8
2024-03-06,Paracétamol_1g,4377,0,143822,False,32.9
2024-03-06,Antibiotiques,3021,0,-3021,True,-1.0
2024-03-06,Morphine_IV,775,0,-775,True,-1.0
2024-03-06,Heparine,10477,0,-10477,True,-1.0
2024-03-06,Insuline,125391,0,-125391,True,-1.0
2024-03-07,Paracétamol_1g,4567,16200,155456,False,34.0
2024-03-07,Antibiotiques,3661,2916,-745,True,-0.2
2024-03-07,Morphine_IV,710,648,-62,True,-0.1
2024-03-07,Heparine,12242,9720,-2522,True,-0.2
2024-03-07,Insuline,111715,19440,-92275,True,-0.8
2024-03-08,Paracétamol_1g,4713,0,150742,False,32.0
2024-03-08,Antibiotiques,3335,0,-3335,True,-1.0
2024-03-08,Morphine_IV,797,0,-797,True,-1.0
2024-03-08,Heparine,10568,0,-10568,True,-1.0
2024-03-08,Insuline,115696,0,-115696,True,-1.0
2024-03-09,Paracétamol_1g,4534,0,146209,False,32.3
2024-03-09,Antibiotiques,3371,0,-3371,True,-1.0
2024-03-09,Morphine_IV,706,0,-706,True,-1.0
2024-03-09,Heparine,11093,0,-11093,True,-1.0
2024-03-09,Insuline,117203,0,-117203,True,-1.0
2024-03-10,Paracétamol_1g,5314,0,140895,False,26.5
2024-03-10,Antibiotiques,3362,0,-3362,True,-1.0
2024-03-10,Morphine_IV,716,0,-716,True,-1.0
2024-03-10,Heparine,12177,0,-12177,True,-1.0
2024-03-10,Insuline,111278,0,-111278,True,-1.0
2024-03-11,Paracétamol_1g,4580,0,136315,False,29.8
2024-03-11,Antibiotiques,3412,0,-3412,True,-1.0
2024-03-11,Morphine_IV,777,0,-777,True,-1.0
2024-03-11,Heparine,11946,0,-11946,True,-1.0
2024-03-11,Insuline,111673,0,-111673,True,-1.0
2024-03-12,Paracétamol_1g,4679,16200,147836,False,31.6
2024-03-12,Antibiotiques,3432,2916,-516,True,-0.2
2024-03-12,Morphine_IV,778,648,-130,True,-0.2
2024-03-12,Heparine,11532,9720,-1812,True,-0.2
2024-03-12,Insuline,111812,19440,-92372,True,-0.8
2024-03-13,Paracétamol_1g,4880,0,142957,False,29.3
2024-03-13,Antibiotiques,3187,0,-3187,True,-1.0
2024-03-13,Morphine_IV,728,0,-728,True,-1.0
2024-03-13,Heparine,11256,0,-11256,True,-1.0
2024-03-13,Insuline,114554,0,-114554,True,-1.0
2024-03-14,Paracétamol_1g,4797,16200,154360,False,32.2
2024-03-14,Antibiotiques,3400,2916,-484,True,-0.1
2024-03-14,Morphine_IV,783,648,-135,True,-0.2
2024-03-14,Heparine,12151,9720,-2431,True,-0.2
2024-03-14,Insuline,111199,19440,-91759,True,-0.8
2024-03-15,Paracétamol_1g,4473,0,149887,False,33.5
2024-03-15,Antibiotiques,3202,0,-3202,True,-1.0
2024-03-15,Morphine_IV,730,0,-730,True,-1.0
2024-03-15,Heparine,11208,0,-11208,True,-1.0
2024-03-15,Insuline,113369,0,-113369,True,-1.0
2024-03-16,Paracétamol_1g,4588,0,145299,False,31.7
2024-03-16,Antibiotiques,3624,0,-3624,True,-1.0
2024-03-16,Morphine_IV,720,0,-720,True,-1.0
2024-03-16,Heparine,11744,0,-11744,True,-1.0
2024-03-16,Insuline,117900,0,-117900,True,-1.0
2024-03-17,Paracétamol_1g,4331,0,140968,False,32.5
2024-03-17,Antibiotiques,3331,0,-3331,True,-1.0
2024-03-17,Morphine_IV,751,0,-751,True,-1.0
2024-03-17,Heparine,10960,0,-10960,True,-1.0
2024-03-17,Insuline,103983,0,-103983,True,-1.0
2024-03-18,Paracétamol_1g,4873,0,136096,False,27.9
2024-03-18,Antibiotiques,3657,0,-3657,True,-1.0
2024-03-18,Morphine_IV,678,0,-678,True,-1.0
2024-03-18,Heparine,10539,0,-10539,True,-1.0
2024-03-18,Insuline,107749,0,-107749,True,-1.0
2024-03-19,Paracétamol_1g,4614,16200,147681,False,32.0
2024-03-19,Antibiotiques,3562,2916,-646,True,-0.2
2024-03-19,Morphine_IV,769,648,-121,True,-0.2
2024-03-19,Heparine,11507,9720,-1787,True,-0.2
2024-03-19,Insuline,117956,19440,-98516,True,-0.8
2024-03-20,Paracétamol_1g,4806,0,142875,False,29.7
2024-03-20,Antibiotiques,3415,0,-3415,True,-1.0
2024-03-20,Morphine_IV,786,0,-786,True,-1.0
2024-03-20,Heparine,11160,0,-11160,True,-1.0
2024-03-20,Insuline,121270,0,-121270,True,-1.0
2024-03-21,Paracétamol_1g,4577,16200,154498,False,33.8
2024-03-21,Antibiotiques,3220,2916,-304,True,-0.1
2024-03-21,Morphine_IV,735,648,-87,True,-0.1
2024-03-21,Heparine,10696,9720,-976,True,-0.1
2024-03-21,Insuline,111481,19440,-92041,True,-0.8
2024-03-22,Paracétamol_1g,4654,0,149844,False,32.2
2024-03-22,Antibiotiques,3602,0,-3602,True,-1.0
2024-03-22,Morphine_IV,776,0,-776,True,-1.0
2024-03-22,Heparine,10273,0,-10273,True,-1.0
2024-03-22,Insuline,120278,0,-120278,True,-1.0
2024-03-23,Paracétamol_1g,4526,0,145318,False,32.1
2024-03-23,Antibiotiques,3269,0,-3269,True,-1.0
2024-03-23,Morphine_IV,771,0,-771,True,-1.0
2024-03-23,Heparine,10738,0,-10738,True,-1.0
2024-03-23,Insuline,115619,0,-115619,True,-1.0
2024-03-24,Paracétamol_1g,4647,0,140671,False,30.3
2024-03-24,Antibiotiques,3611,0,-3611,True,-1.0
2024-03-24,Morphine_IV,713,0,-713,True,-1.0
2024-03-24,Heparine,10385,0,-10385,True,-1.0
2024-03-24,Insuline,104839,0,-104839,True,-1.0
2024-03-25,Paracétamol_1g,4883,0,135788,False,27.8
2024-03-25,Antibiotiques,3241,0,-3241,True,-1.0
2024-03-25,Morphine_IV,780,0,-780,True,-1.0
2024-03-25,Heparine,10370,0,-10370,True,-1.0
2024-03-25,Insuline,118159,0,-118159,True,-1.0
2024-03-26,Paracétamol_1g,4842,16200,147146,False,30.4
2024-03-26,Antibiotiques,3374,2916,-458,True,-0.1
2024-03-26,Morphine_IV,733,648,-85,True,-0.1
2024-03-26,Heparine,11191,9720,-1471,True,-0.1
2024-03-26,Insuline,101192,19440,-81752,True,-0.8
2024-03-27,Paracétamol_1g,4939,0,142207,False,28.8
2024-03-27,Antibiotiques,3486,0,-3486,True,-1.0
2024-03-27,Morphine_IV,783,0,-783,True,-1.0
2024-03-27,Heparine,12089,0,-12089,True,-1.0
2024-03-27,Insuline,110179,0,-110179,True,-1.0
2024-03-28,Paracétamol_1g,4690,16200,153717,False,32.8
2024-03-28,Antibiotiques,3546,2916,-630,True,-0.2
2024-03-28,Morphine_IV,725,648,-77,True,-0.1
2024-03-28,Heparine,11572,9720,-1852,True,-0.2
2024-03-28,Insuline,115340,19440,-95900,True,-0.8
2024-03-29,Paracétamol_1g,4542,0,149175,False,32.8
2024-03-29,Antibiotiques,3393,0,-3393,True,-1.0
2024-03-29,Morphine_IV,773,0,-773,True,-1.0
2024-03-29,Heparine,11652,0,-11652,True,-1.0
2024-03-29,Insuline,105110,0,-105110,True,-1.0
2024-03-30,Paracétamol_1g,4307,0,144868,False,33.6
2024-03-30,Antibiotiques,2956,0,-2956,True,-1.0
2024-03-30,Morphine_IV,699,0,-699,True,-1.0
2024-03-30,Heparine,11141,0,-11141,True,-1.0
2024-03-30,Insuline,118481,0,-118481,True,-1.0
2024-03-31,Paracétamol_1g,4979,0,139890,False,28.1
2024-03-31,Antibiotiques,3412,0,-3412,True,-1.0
2024-03-31,Morphine_IV,768,0,-768,True,-1.0
2024-03-31,Heparine,11692,0,-11692,True,-1.0
2024-03-31,Insuline,111126,0,-111126,True,-1.0
2024-04-01,Paracétamol_1g,4679,0,135211,False,28.9
2024-04-01,Antibiotiques,3478,0,-3478,True,-1.0
2024-04-01,Morphine_IV,813,0,-813,True,-1.0
2024-04-01,Heparine,11905,0,-11905,True,-1.0
2024-04-01,Insuline,111873,0,-111873,True,-1.0
2024-04-02,Paracétamol_1g,4958,16200,146453,False,29.5
2024-04-02,Antibiotiques,3344,2916,-428,True,-0.1
2024-04-02,Morphine_IV,798,648,-150,True,-0.2
2024-04-02,Heparine,10819,9720,-1099,True,-0.1
2024-04-02,Insuline,109138,19440,-89698,True,-0.8
2024-04-03,Paracétamol_1g,4895,0,141558,False,28.9
2024-04-03,Antibiotiques,3407,0,-3407,True,-1.0
2024-04-03,Morphine_IV,741,0,-741,True,-1.0
2024-04-03,Heparine,11046,0,-11046,True,-1.0
2024-04-03,Insuline,128891,0,-128891,True,-1.0
2024-04-04,Paracétamol_1g,4683,16200,153075,False,32.7
2024-04-04,Antibiotiques,3462,2916,-546,True,-0.2
2024-04-04,Morphine_IV,673,648,-25,True,-0.0
2024-04-04,Heparine,10235,9720,-515,True,-0.1
2024-04-04,Insuline,114314,19440,-94874,True,-0.8
2024-04-05,Paracétamol_1g,5322,0,147754,False,27.8
2024-04-05,Antibiotiques,3241,0,-3241,True,-1.0
2024-04-05,Morphine_IV,769,0,-769,True,-1.0
2024-04-05,Heparine,11986,0,-11986,True,-1.0
2024-04-05,Insuline,108067,0,-108067,True,-1.0
2024-04-06,Paracétamol_1g,4279,0,143475,False,33.5
2024-04-06,Antibiotiques,3191,0,-3191,True,-1.0
2024-04-06,Morphine_IV,700,0,-700,True,-1.0
2024-04-06,Heparine,11542,0,-11542,True,-1.0
2024-04-06,Insuline,112784,0,-112784,True,-1.0
2024-04-07,Paracétamol_1g,4866,0,138609,False,28.5
2024-04-07,Antibiotiques,3069,0,-3069,True,-1.0
2024-04-07,Morphine_IV,687,0,-687,True,-1.0
2024-04-07,Heparine,11282,0,-11282,True,-1.0
2024-04-07,Insuline,116279,0,-116279,True,-1.0
2024-04-08,Paracétamol_1g,4584,0,134024,False,29.2
2024-04-08,Antibiotiques,3477,0,-3477,True,-1.0
2024-04-08,Morphine_IV,759,0,-759,True,-1.0
2024-04-08,Heparine,11538,0,-11538,True,-1.0
2024-04-08,Insuline,122643,0,-122643,True,-1.0
2024-04-09,Paracétamol_1g,4988,16200,145237,False,29.1
2024-04-09,Antibiotiques,3410,2916,-494,True,-0.1
2024-04-09,Morphine_IV,767,648,-119,True,-0.2
2024-04-09,Heparine,11786,9720,-2066,True,-0.2
2024-04-09,Insuline,107166,19440,-87726,True,-0.8
2024-04-10,Paracétamol_1g,4709,0,140528,False,29.8
2024-04-10,Antibiotiques,3133,0,-3133,True,-1.0
2024-04-10,Morphine_IV,740,0,-740,True,-1.0
2024-04-10,Heparine,11076,0,-11076,True,-1.0
2024-04-10,Insuline,114980,0,-114980,True,-1.0
2024-04-11,Paracétamol_1g,4795,16200,151933,False,31.7
2024-04-11,Antibiotiques,3462,2916,-546,True,-0.2
2024-04-11,Morphine_IV,758,648,-110,True,-0.1
2024-04-11,Heparine,10790,9720,-1070,True,-0.1
2024-04-11,Insuline,111113,19440,-91673,True,-0.8
2024-04-12,Paracétamol_1g,4759,0,147174,False,30.9
2024-04-12,Antibiotiques,3453,0,-3453,True,-1.0
2024-04-12,Morphine_IV,766,0,-766,True,-1.0
2024-04-12,Heparine,11444,0,-11444,True,-1.0
2024-04-12,Insuline,106188,0,-106188,True,-1.0
2024-04-13,Paracétamol_1g,4702,0,142472,False,30.3
2024-04-13,Antibiotiques,3252,0,-3252,True,-1.0
2024-04-13,Morphine_IV,764,0,-764,True,-1.0
2024-04-13,Heparine,11088,0,-11088,True,-1.0
2024-04-13,Insuline,112856,0,-112856,True,-1.0
2024-04-14,Paracétamol_1g,4788,0,137684,False,28.8
2024-04-14,Antibiotiques,3527,0,-3527,True,-1.0
2024-04-14,Morphine_IV,736,0,-736,True,-1.0
2024-04-14,Heparine,10502,0,-10502,True,-1.0
2024-04-14,Insuline,105932,0,-105932,True,-1.0
2024-04-15,Paracétamol_1g,4732,0,132952,False,28.1
2024-04-15,Antibiotiques,3420,0,-3420,True,-1.0
2024-04-15,Morphine_IV,749,0,-749,True,-1.0
2024-04-15,Heparine,11835,0,-11835,True,-1.0
2024-04-15,Insuline,101478,0,-101478,True,-1.0
2024-04-16,Paracétamol_1g,4593,16200,144559,False,31.5
2024-04-16,Antibiotiques,3315,2916,-399,True,-0.1
2024-04-16,Morphine_IV,735,648,-87,True,-0.1
2024-04-16,Heparine,11575,9720,-1855,True,-0.2
2024-04-16,Insuline,111499,19440,-92059,True,-0.8
2024-04-17,Paracétamol_1g,4870,0,139689,False,28.7
2024-04-17,Antibiotiques,3413,0,-3413,True,-1.0
2024-04-17,Morphine_IV,735,0,-735,True,-1.0
2024-04-17,Heparine,11903,0,-11903,True,-1.0
2024-04-17,Insuline,115925,0,-115925,True,-1.0
2024-04-18,Paracétamol_1g,4770,16200,151119,False,31.7
2024-04-18,Antibiotiques,3163,2916,-247,True,-0.1
2024-04-18,Morphine_IV,723,648,-75,True,-0.1
2024-04-18,Heparine,10551,9720,-831,True,-0.1
2024-04-18,Insuline,106969,19440,-87529,True,-0.8
2024-04-19,Paracétamol_1g,4775,0,146344,False,30.6
2024-04-19,Antibiotiques,3368,0,-3368,True,-1.0
2024-04-19,Morphine_IV,803,0,-803,True,-1.0
2024-04-19,Heparine,11042,0,-11042,True,-1.0
2024-04-19,Insuline,105897,0,-105897,True,-1.0
2024-04-20,Paracétamol_1g,4615,0,141729,False,30.7
2024-04-20,Antibiotiques,3335,0,-3335,True,-1.0
2024-04-20,Morphine_IV,751,0,-751,True,-1.0
2024-04-20,Heparine,11684,0,-11684,True,-1.0
2024-04-20,Insuline,107232,0,-107232,True,-1.0
2024-04-21,Paracétamol_1g,4514,0,137216,False,30.4
2024-04-21,Antibiotiques,3115,0,-3115,True,-1.0
2024-04-21,Morphine_IV,769,0,-769,True,-1.0
2024-04-21,Heparine,11096,0,-11096,True,-1.0
2024-04-21,Insuline,111957,0,-111957,True,-1.0
2024-04-22,Paracétamol_1g,5073,0,132142,False,26.0
2024-04-22,Antibiotiques,3534,0,-3534,True,-1.0
2024-04-22,Morphine_IV,680,0,-680,True,-1.0
2024-04-22,Heparine,11324,0,-11324,True,-1.0
2024-04-22,Insuline,123924,0,-123924,True,-1.0
2024-04-23,Paracétamol_1g,5024,16200,143319,False,28.5
2024-04-23,Antibiotiques,3358,2916,-442,True,-0.1
2024-04-23,Morphine_IV,783,648,-135,True,-0.2
2024-04-23,Heparine,11669,9720,-1949,True,-0.2
2024-04-23,Insuline,119479,19440,-100039,True,-0.8
2024-04-24,Paracétamol_1g,4591,0,138727,False,30.2
2024-04-24,Antibiotiques,3343,0,-3343,True,-1.0
2024-04-24,Morphine_IV,770,0,-770,True,-1.0
2024-04-24,Heparine,11360,0,-11360,True,-1.0
2024-04-24,Insuline,124544,0,-124544,True,-1.0
2024-04-25,Paracétamol_1g,5001,16200,149926,False,30.0
2024-04-25,Antibiotiques,3307,2916,-391,True,-0.1
2024-04-25,Morphine_IV,779,648,-131,True,-0.2
2024-04-25,Heparine,11686,9720,-1966,True,-0.2
2024-04-25,Insuline,113028,19440,-93588,True,-0.8
2024-04-26,Paracétamol_1g,4906,0,145020,False,29.6
2024-04-26,Antibiotiques,2991,0,-2991,True,-1.0
2024-04-26,Morphine_IV,757,0,-757,True,-1.0
2024-04-26,Heparine,11654,0,-11654,True,-1.0
2024-04-26,Insuline,106843,0,-106843,True,-1.0
2024-04-27,Paracétamol_1g,4397,0,140623,False,32.0
2024-04-27,Antibiotiques,3407,0,-3407,True,-1.0
2024-04-27,Morphine_IV,768,0,-768,True,-1.0
2024-04-27,Heparine,11413,0,-11413,True,-1.0
2024-04-27,Insuline,117115,0,-117115,True,-1.0
2024-04-28,Paracétamol_1g,4679,0,135944,False,29.1
2024-04-28,Antibiotiques,3501,0,-3501,True,-1.0
2024-04-28,Morphine_IV,754,0,-754,True,-1.0
2024-04-28,Heparine,10247,0,-10247,True,-1.0
2024-04-28,Insuline,110363,0,-110363,True,-1.0
2024-04-29,Paracétamol_1g,4893,0,131051,False,26.8
2024-04-29,Antibiotiques,3197,0,-3197,True,-1.0
2024-04-29,Morphine_IV,771,0,-771,True,-1.0
2024-04-29,Heparine,11474,0,-11474,True,-1.0
2024-04-29,Insuline,108639,0,-108639,True,-1.0
2024-04-30,Paracétamol_1g,4582,16200,142670,False,31.1
2024-04-30,Antibiotiques,3243,2916,-327,True,-0.1
2024-04-30,Morphine_IV,728,648,-80,True,-0.1
2024-04-30,Heparine,11021,9720,-1301,True,-0.1
2024-04-30,Insuline,112029,19440,-92589,True,-0.8
2024-05-01,Paracétamol_1g,4247,0,138423,False,32.6
2024-05-01,Antibiotiques,3419,0,-3419,True,-1.0
2024-05-01,Morphine_IV,767,0,-767,True,-1.0
2024-05-01,Heparine,11308,0,-11308,True,-1.0
2024-05-01,Insuline,114964,0,-114964,True,-1.0
2024-05-02,Paracétamol_1g,4232,16200,150391,False,35.5
2024-05-02,Antibiotiques,3392,2916,-476,True,-0.1
2024-05-02,Morphine_IV,771,648,-123,True,-0.2
2024-05-02,Heparine,11152,9720,-1432,True,-0.1
2024-05-02,Insuline,110057,19440,-90617,True,-0.8
2024-05-03,Paracétamol_1g,4933,0,145459,False,29.5
2024-05-03,Antibiotiques,3349,0,-3349,True,-1.0
2024-05-03,Morphine_IV,732,0,-732,True,-1.0
2024-05-03,Heparine,10767,0,-10767,True,-1.0
2024-05-03,Insuline,105216,0,-105216,True,-1.0
2024-05-04,Paracétamol_1g,4592,0,140867,False,30.7
2024-05-04,Antibiotiques,3234,0,-3234,True,-1.0
2024-05-04,Morphine_IV,749,0,-749,True,-1.0
2024-05-04,Heparine,10538,0,-10538,True,-1.0
2024-05-04,Insuline,88794,0,-88794,True,-1.0
2024-05-05,Paracétamol_1g,4912,0,135954,False,27.7
2024-05-05,Antibiotiques,3531,0,-3531,True,-1.0
2024-05-05,Morphine_IV,720,0,-720,True,-1.0
2024-05-05,Heparine,11091,0,-11091,True,-1.0
2024-05-05,Insuline,107973,0,-107973,True,-1.0
2024-05-06,Paracétamol_1g,4796,0,131158,False,27.3
2024-05-06,Antibiotiques,3430,0,-3430,True,-1.0
2024-05-06,Morphine_IV,708,0,-708,True,-1.0
2024-05-06,Heparine,12109,0,-12109,True,-1.0
2024-05-06,Insuline,112441,0,-112441,True,-1.0
2024-05-07,Paracétamol_1g,4805,16200,142552,False,29.7
2024-05-07,Antibiotiques,3436,2916,-520,True,-0.2
2024-05-07,Morphine_IV,729,648,-81,True,-0.1
2024-05-07,Heparine,10995,9720,-1275,True,-0.1
2024-05-07,Insuline,112752,19440,-93312,True,-0.8
2024-05-08,Paracétamol_1g,5175,0,137377,False,26.5
2024-05-08,Antibiotiques,3548,0,-3548,True,-1.0
2024-05-08,Morphine_IV,769,0,-769,True,-1.0
2024-05-08,Heparine,11371,0,-11371,True,-1.0
2024-05-08,Insuline,126912,0,-126912,True,-1.0
2024-05-09,Paracétamol_1g,4847,16200,148730,False,30.7
2024-05-09,Antibiotiques,3796,2916,-880,True,-0.2
2024-05-09,Morphine_IV,773,648,-125,True,-0.2
2024-05-09,Heparine,11877,9720,-2157,True,-0.2
2024-05-09,Insuline,118647,19440,-99207,True,-0.8
2024-05-10,Paracétamol_1g,4971,0,143759,False,28.9
2024-05-10,Antibiotiques,3422,0,-3422,True,-1.0
2024-05-10,Morphine_IV,782,0,-782,True,-1.0
2024-05-10,Heparine,12048,0,-12048,True,-1.0
2024-05-10,Insuline,129358,0,-129358,True,-1.0
2024-05-11,Paracétamol_1g,4552,0,139207,False,30.6
2024-05-11,Antibiotiques,2957,0,-2957,True,-1.0
2024-05-11,Morphine_IV,698,0,-698,True,-1.0
2024-05-11,Heparine,10647,0,-10647,True,-1.0
2024-05-11,Insuline,100196,0,-100196,True,-1.0
2024-05-12,Paracétamol_1g,5339,0,133868,False,25.1
2024-05-12,Antibiotiques,3218,0,-3218,True,-1.0
2024-05-12,Morphine_IV,723,0,-723,True,-1.0
2024-05-12,Heparine,11144,0,-11144,True,-1.0
2024-05-12,Insuline,105429,0,-105429,True,-1.0
2024-05-13,Paracétamol_1g,4824,0,129044,False,26.8
2024-05-13,Antibiotiques,3528,0,-3528,True,-1.0
2024-05-13,Morphine_IV,797,0,-797,True,-1.0
2024-05-13,Heparine,12009,0,-12009,True,-1.0
2024-05-13,Insuline,111259,0,-111259,True,-1.0
2024-05-14,Paracétamol_1g,4865,16200,140379,False,28.9
2024-05-14,Antibiotiques,3158,2916,-242,True,-0.1
2024-05-14,Morphine_IV,754,648,-106,True,-0.1
2024-05-14,Heparine,11467,9720,-1747,True,-0.2
2024-05-14,Insuline,114228,19440,-94788,True,-0.8
2024-05-15,Paracétamol_1g,4947,0,135431,False,27.4
2024-05-15,Antibiotiques,3641,0,-3641,True,-1.0
2024-05-15,Morphine_IV,768,0,-768,True,-1.0
2024-05-15,Heparine,12022,0,-12022,True,-1.0
2024-05-15,Insuline,114594,0,-114594,True,-1.0
2024-05-16,Paracétamol_1g,4586,16200,147045,False,32.1
2024-05-16,Antibiotiques,3390,2916,-474,True,-0.1
2024-05-16,Morphine_IV,826,648,-178,True,-0.2
2024-05-16,Heparine,10750,9720,-1030,True,-0.1
2024-05-16,Insuline,119792,19440,-100352,True,-0.8
2024-05-17,Paracétamol_1g,4577,0,142468,False,31.1
2024-05-17,Antibiotiques,3149,0,-3149,True,-1.0
2024-05-17,Morphine_IV,727,0,-727,True,-1.0
2024-05-17,Heparine,11085,0,-11085,True,-1.0
2024-05-17,Insuline,107107,0,-107107,True,-1.0
2024-05-18,Paracétamol_1g,4520,0,137948,False,30.5
2024-05-18,Antibiotiques,3256,0,-3256,True,-1.0
2024-05-18,Morphine_IV,746,0,-746,True,-1.0
2024-05-18,Heparine,10707,0,-10707,True,-1.0
2024-05-18,Insuline,124643,0,-124643,True,-1.0
2024-05-19,Paracétamol_1g,4641,0,133307,False,28.7
2024-05-19,Antibiotiques,3752,0,-3752,True,-1.0
2024-05-19,Morphine_IV,722,0,-722,True,-1.0
2024-05-19,Heparine,11620,0,-11620,True,-1.0
2024-05-19,Insuline,121165,0,-121165,True,-1.0
2024-05-20,Paracétamol_1g,4461,0,128846,False,28.9
2024-05-20,Antibiotiques,3176,0,-3176,True,-1.0
2024-05-20,Morphine_IV,798,0,-798,True,-1.0
2024-05-20,Heparine,10862,0,-10862,True,-1.0
2024-05-20,Insuline,113335,0,-113335,True,-1.0
2024-05-21,Paracétamol_1g,4894,16200,140152,False,28.6
2024-05-21,Antibiotiques,3436,2916,-520,True,-0.2
2024-05-21,Morphine_IV,794,648,-146,True,-0.2
2024-05-21,Heparine,11765,9720,-2045,True,-0.2
2024-05-21,Insuline,108702,19440,-89262,True,-0.8
2024-05-22,Paracétamol_1g,4835,0,135317,False,28.0
2024-05-22,Antibiotiques,3383,0,-3383,True,-1.0
2024-05-22,Morphine_IV,810,0,-810,True,-1.0
2024-05-22,Heparine,11981,0,-11981,True,-1.0
2024-05-22,Insuline,105242,0,-105242,True,-1.0
2024-05-23,Paracétamol_1g,4331,16200,147186,False,34.0
2024-05-23,Antibiotiques,3473,2916,-557,True,-0.2
2024-05-23,Morphine_IV,792,648,-144,True,-0.2
2024-05-23,Heparine,10473,9720,-753,True,-0.1
2024-05-23,Insuline,115850,19440,-96410,True,-0.8
2024-05-24,Paracétamol_1g,5047,0,142138,False,28.2
2024-05-24,Antibiotiques,3102,0,-3102,True,-1.0
2024-05-24,Morphine_IV,740,0,-740,True,-1.0
2024-05-24,Heparine,10707,0,-10707,True,-1.0
2024-05-24,Insuline,127900,0,-127900,True,-1.0
2024-05-25,Paracétamol_1g,5006,0,137132,False,27.4
2024-05-25,Antibiotiques,3182,0,-3182,True,-1.0
2024-05-25,Morphine_IV,679,0,-679,True,-1.0
2024-05-25,Heparine,11424,0,-11424,True,-1.0
2024-05-25,Insuline,116413,0,-116413,True,-1.0
2024-05-26,Paracétamol_1g,4970,0,132162,False,26.6
2024-05-26,Antibiotiques,3375,0,-3375,True,-1.0
2024-05-26,Morphine_IV,801,0,-801,True,-1.0
2024-05-26,Heparine,10150,0,-10150,True,-1.0
2024-05-26,Insuline,105399,0,-105399,True,-1.0
2024-05-27,Paracétamol_1g,4829,0,127333,False,26.4
2024-05-27,Antibiotiques,3412,0,-3412,True,-1.0
2024-05-27,Morphine_IV,783,0,-783,True,-1.0
2024-05-27,Heparine,10999,0,-10999,True,-1.0
2024-05-27,Insuline,106183,0,-106183,True,-1.0
2024-05-28,Paracétamol_1g,4784,16200,138749,False,29.0
2024-05-28,Antibiotiques,3206,2916,-290,True,-0.1
2024-05-28,Morphine_IV,765,648,-117,True,-0.2
2024-05-28,Heparine,10588,9720,-868,True,-0.1
2024-05-28,Insuline,117067,19440,-97627,True,-0.8
2024-05-29,Paracétamol_1g,4736,0,134012,False,28.3
2024-05-29,Antibiotiques,3747,0,-3747,True,-1.0
2024-05-29,Morphine_IV,693,0,-693,True,-1.0
2024-05-29,Heparine,11338,0,-11338,True,-1.0
2024-05-29,Insuline,110290,0,-110290,True,-1.0
2024-05-30,Paracétamol_1g,4976,16200,145236,False,29.2
2024-05-30,Antibiotiques,3612,2916,-696,True,-0.2
2024-05-30,Morphine_IV,815,648,-167,True,-0.2
2024-05-30,Heparine,10897,9720,-1177,True,-0.1
2024-05-30,Insuline,120309,19440,-100869,True,-0.8
2024-05-31,Paracétamol_1g,4672,0,140564,False,30.1
2024-05-31,Antibiotiques,3714,0,-3714,True,-1.0
2024-05-31,Morphine_IV,862,0,-862,True,-1.0
2024-05-31,Heparine,11259,0,-11259,True,-1.0
2024-05-31,Insuline,117718,0,-117718,True,-1.0
2024-06-01,Paracétamol_1g,4910,0,135654,False,27.6
2024-06-01,Antibiotiques,3562,0,-3562,True,-1.0
2024-06-01,Morphine_IV,700,0,-700,True,-1.0
2024-06-01,Heparine,11109,0,-11109,True,-1.0
2024-06-01,Insuline,122725,0,-122725,True,-1.0
2024-06-02,Paracétamol_1g,4609,0,131045,False,28.4
2024-06-02,Antibiotiques,3398,0,-3398,True,-1.0
2024-06-02,Morphine_IV,732,0,-732,True,-1.0
2024-06-02,Heparine,10868,0,-10868,True,-1.0
2024-06-02,Insuline,115534,0,-115534,True,-1.0
2024-06-03,Paracétamol_1g,4863,0,126182,False,25.9
2024-06-03,Antibiotiques,3485,0,-3485,True,-1.0
2024-06-03,Morphine_IV,688,0,-688,True,-1.0
2024-06-03,Heparine,11149,0,-11149,True,-1.0
2024-06-03,Insuline,110656,0,-110656,True,-1.0
2024-06-04,Paracétamol_1g,4121,16200,138261,False,33.5
2024-06-04,Antibiotiques,3267,2916,-351,True,-0.1
2024-06-04,Morphine_IV,737,648,-89,True,-0.1
2024-06-04,Heparine,11616,9720,-1896,True,-0.2
2024-06-04,Insuline,112154,19440,-92714,True,-0.8
2024-06-05,Paracétamol_1g,4595,0,133666,False,29.1
2024-06-05,Antibiotiques,3323,0,-3323,True,-1.0
2024-06-05,Morphine_IV,800,0,-800,True,-1.0
2024-06-05,Heparine,11605,0,-11605,True,-1.0
2024-06-05,Insuline,108565,0,-108565,True,-1.0
2024-06-06,Paracétamol_1g,4466,16200,145400,False,32.6
2024-06-06,Antibiotiques,3577,2916,-661,True,-0.2
2024-06-06,Morphine_IV,799,648,-151,True,-0.2
2024-06-06,Heparine,11350,9720,-1630,True,-0.1
2024-06-06,Insuline,116218,19440,-96778,True,-0.8
2024-06-07,Paracétamol_1g,4800,0,140600,False,29.3
2024-06-07,Antibiotiques,3365,0,-3365,True,-1.0
2024-06-07,Morphine_IV,777,0,-777,True,-1.0
2024-06-07,Heparine,10884,0,-10884,True,-1.0
2024-06-07,Insuline,114782,0,-114782,True,-1.0
2024-06-08,Paracétamol_1g,4681,0,135918,False,29.0
2024-06-08,Antibiotiques,3538,0,-3538,True,-1.0
2024-06-08,Morphine_IV,761,0,-761,True,-1.0
2024-06-08,Heparine,11214,0,-11214,True,-1.0
2024-06-08,Insuline,111011,0,-111011,True,-1.0
2024-06-09,Paracétamol_1g,4721,0,131197,False,27.8
2024-06-09,Antibiotiques,3179,0,-3179,True,-1.0
2024-06-09,Morphine_IV,691,0,-691,True,-1.0
2024-06-09,Heparine,10887,0,-10887,True,-1.0
2024-06-09,Insuline,120163,0,-120163,True,-1.0
2024-06-10,Paracétamol_1g,4846,0,126351,False,26.1
2024-06-10,Antibiotiques,3436,0,-3436,True,-1.0
2024-06-10,Morphine_IV,780,0,-780,True,-1.0
2024-06-10,Heparine,12651,0,-12651,True,-1.0
2024-06-10,Insuline,123785,0,-123785,True,-1.0
2024-06-11,Paracétamol_1g,4511,16200,138040,False,30.6
2024-06-11,Antibiotiques,3605,2916,-689,True,-0.2
2024-06-11,Morphine_IV,708,648,-60,True,-0.1
2024-06-11,Heparine,10756,9720,-1036,True,-0.1
2024-06-11,Insuline,105576,19440,-86136,True,-0.8
2024-06-12,Paracétamol_1g,4718,0,133322,False,28.3
2024-06-12,Antibiotiques,3254,0,-3254,True,-1.0
2024-06-12,Morphine_IV,716,0,-716,True,-1.0
2024-06-12,Heparine,11591,0,-11591,True,-1.0
2024-06-12,Insuline,112736,0,-112736,True,-1.0
2024-06-13,Paracétamol_1g,4511,16200,145011,False,32.1
2024-06-13,Antibiotiques,3437,2916,-521,True,-0.2
2024-06-13,Morphine_IV,780,648,-132,True,-0.2
2024-06-13,Heparine,10473,9720,-753,True,-0.1
2024-06-13,Insuline,109199,19440,-89759,True,-0.8
2024-06-14,Paracétamol_1g,4636,0,140375,False,30.3
2024-06-14,Antibiotiques,3441,0,-3441,True,-1.0
2024-06-14,Morphine_IV,702,0,-702,True,-1.0
2024-06-14,Heparine,11159,0,-11159,True,-1.0
2024-06-14,Insuline,120815,0,-120815,True,-1.0
2024-06-15,Paracétamol_1g,4584,0,135791,False,29.6
2024-06-15,Antibiotiques,3267,0,-3267,True,-1.0
2024-06-15,Morphine_IV,708,0,-708,True,-1.0
2024-06-15,Heparine,12452,0,-12452,True,-1.0
2024-06-15,Insuline,100469,0,-100469,True,-1.0
2024-06-16,Paracétamol_1g,4627,0,131163,False,28.3
2024-06-16,Antibiotiques,3308,0,-3308,True,-1.0
2024-06-16,Morphine_IV,737,0,-737,True,-1.0
2024-06-16,Heparine,9978,0,-9978,True,-1.0
2024-06-16,Insuline,117402,0,-117402,True,-1.0
2024-06-17,Paracétamol_1g,4225,0,126939,False,30.0
2024-06-17,Antibiotiques,3730,0,-3730,True,-1.0
2024-06-17,Morphine_IV,746,0,-746,True,-1.0
2024-06-17,Heparine,11990,0,-11990,True,-1.0
2024-06-17,Insuline,114694,0,-114694,True,-1.0
2024-06-18,Paracétamol_1g,4971,16200,138168,False,27.8
2024-06-18,Antibiotiques,3649,2916,-733,True,-0.2
2024-06-18,Morphine_IV,782,648,-134,True,-0.2
2024-06-18,Heparine,11973,9720,-2253,True,-0.2
2024-06-18,Insuline,108398,19440,-88958,True,-0.8
2024-06-19,Paracétamol_1g,4723,0,133445,False,28.3
2024-06-19,Antibiotiques,3400,0,-3400,True,-1.0
2024-06-19,Morphine_IV,816,0,-816,True,-1.0
2024-06-19,Heparine,10987,0,-10987,True,-1.0
2024-06-19,Insuline,109762,0,-109762,True,-1.0
2024-06-20,Paracétamol_1g,4546,16200,145099,False,31.9
2024-06-20,Antibiotiques,3294,2916,-378,True,-0.1
2024-06-20,Morphine_IV,832,648,-184,True,-0.2
2024-06-20,Heparine,11629,9720,-1909,True,-0.2
2024-06-20,Insuline,117730,19440,-98290,True,-0.8
2024-06-21,Paracétamol_1g,4518,0,140580,False,31.1
2024-06-21,Antibiotiques,3506,0,-3506,True,-1.0
2024-06-21,Morphine_IV,717,0,-717,True,-1.0
2024-06-21,Heparine,10924,0,-10924,True,-1.0
2024-06-21,Insuline,106149,0,-106149,True,-1.0
2024-06-22,Paracétamol_1g,4779,0,135801,False,28.4
2024-06-22,Antibiotiques,3331,0,-3331,True,-1.0
2024-06-22,Morphine_IV,795,0,-795,True,-1.0
2024-06-22,Heparine,11287,0,-11287,True,-1.0
2024-06-22,Insuline,108411,0,-108411,True,-1.0
2024-06-23,Paracétamol_1g,4502,0,131298,False,29.2
2024-06-23,Antibiotiques,3260,0,-3260,True,-1.0
2024-06-23,Morphine_IV,765,0,-765,True,-1.0
2024-06-23,Heparine,10423,0,-10423,True,-1.0
2024-06-23,Insuline,110551,0,-110551,True,-1.0
2024-06-24,Paracétamol_1g,4626,0,126672,False,27.4
2024-06-24,Antibiotiques,3436,0,-3436,True,-1.0
2024-06-24,Morphine_IV,772,0,-772,True,-1.0
2024-06-24,Heparine,10517,0,-10517,True,-1.0
2024-06-24,Insuline,121148,0,-121148,True,-1.0
2024-06-25,Paracétamol_1g,4841,16200,138031,False,28.5
2024-06-25,Antibiotiques,3474,2916,-558,True,-0.2
2024-06-25,Morphine_IV,785,648,-137,True,-0.2
2024-06-25,Heparine,11958,9720,-2238,True,-0.2
2024-06-25,Insuline,109915,19440,-90475,True,-0.8
2024-06-26,Paracétamol_1g,4416,0,133616,False,30.3
2024-06-26,Antibiotiques,3342,0,-3342,True,-1.0
2024-06-26,Morphine_IV,781,0,-781,True,-1.0
2024-06-26,Heparine,11637,0,-11637,True,-1.0
2024-06-26,Insuline,109182,0,-109182,True,-1.0
2024-06-27,Paracétamol_1g,4737,16200,145079,False,30.6
2024-06-27,Antibiotiques,3669,2916,-753,True,-0.2
2024-06-27,Morphine_IV,731,648,-83,True,-0.1
2024-06-27,Heparine,11420,9720,-1700,True,-0.1
2024-06-27,Insuline,116849,19440,-97409,True,-0.8
2024-06-28,Paracétamol_1g,4760,0,140319,False,29.5
2024-06-28,Antibiotiques,3121,0,-3121,True,-1.0
2024-06-28,Morphine_IV,739,0,-739,True,-1.0
2024-06-28,Heparine,11449,0,-11449,True,-1.0
2024-06-28,Insuline,124316,0,-124316,True,-1.0
2024-06-29,Paracétamol_1g,4774,0,135545,False,28.4
2024-06-29,Antibiotiques,3238,0,-3238,True,-1.0
2024-06-29,Morphine_IV,695,0,-695,True,-1.0
2024-06-29,Heparine,11041,0,-11041,True,-1.0
2024-06-29,Insuline,115683,0,-115683,True,-1.0
2024-06-30,Paracétamol_1g,4586,0,130959,False,28.6
2024-06-30,Antibiotiques,3458,0,-3458,True,-1.0
2024-06-30,Morphine_IV,737,0,-737,True,-1.0
2024-06-30,Heparine,12065,0,-12065,True,-1.0
2024-06-30,Insuline,115264,0,-115264,True,-1.0
2024-07-01,Paracétamol_1g,4735,0,126223,False,26.7
2024-07-01,Antibiotiques,3111,0,-3111,True,-1.0
2024-07-01,Morphine_IV,768,0,-768,True,-1.0
2024-07-01,Heparine,11537,0,-11537,True,-1.0
2024-07-01,Insuline,111607,0,-111607,True,-1.0
2024-07-02,Paracétamol_1g,4679,16200,137745,False,29.4
2024-07-02,Antibiotiques,3221,2916,-305,True,-0.1
2024-07-02,Morphine_IV,749,648,-101,True,-0.1
2024-07-02,Heparine,10500,9720,-780,True,-0.1
2024-07-02,Insuline,104312,19440,-84872,True,-0.8
2024-07-03,Paracétamol_1g,4623,0,133122,False,28.8
2024-07-03,Antibiotiques,3343,0,-3343,True,-1.0
2024-07-03,Morphine_IV,730,0,-730,True,-1.0
2024-07-03,Heparine,10777,0,-10777,True,-1.0
2024-07-03,Insuline,113344,0,-113344,True,-1.0
2024-07-04,Paracétamol_1g,4646,16200,144676,False,31.1
2024-07-04,Antibiotiques,3309,2916,-393,True,-0.1
2024-07-04,Morphine_IV,694,648,-46,True,-0.1
2024-07-04,Heparine,11477,9720,-1757,True,-0.2
2024-07-04,Insuline,102603,19440,-83163,True,-0.8
2024-07-05,Paracétamol_1g,4654,0,140022,False,30.1
2024-07-05,Antibiotiques,3008,0,-3008,True,-1.0
2024-07-05,Morphine_IV,731,0,-731,True,-1.0
2024-07-05,Heparine,10905,0,-10905,True,-1.0
2024-07-05,Insuline,109426,0,-109426,True,-1.0
2024-07-06,Paracétamol_1g,4174,0,135848,False,32.5
2024-07-06,Antibiotiques,3405,0,-3405,True,-1.0
2024-07-06,Morphine_IV,724,0,-724,True,-1.0
2024-07-06,Heparine,10424,0,-10424,True,-1.0
2024-07-06,Insuline,107436,0,-107436,True,-1.0
2024-07-07,Paracétamol_1g,4367,0,131482,False,30.1
2024-07-07,Antibiotiques,3047,0,-3047,True,-1.0
2024-07-07,Morphine_IV,699,0,-699,True,-1.0
2024-07-07,Heparine,10896,0,-10896,True,-1.0
2024-07-07,Insuline,112015,0,-112015,True,-1.0
2024-07-08,Paracétamol_1g,4420,0,127062,False,28.7
2024-07-08,Antibiotiques,3126,0,-3126,True,-1.0
2024-07-08,Morphine_IV,810,0,-810,True,-1.0
2024-07-08,Heparine,11516,0,-11516,True,-1.0
2024-07-08,Insuline,118405,0,-118405,True,-1.0
2024-07-09,Paracétamol_1g,4747,16200,138515,False,29.2
2024-07-09,Antibiotiques,3457,2916,-541,True,-0.2
2024-07-09,Morphine_IV,704,648,-56,True,-0.1
2024-07-09,Heparine,10866,9720,-1146,True,-0.1
2024-07-09,Insuline,103865,19440,-84425,True,-0.8
2024-07-10,Paracétamol_1g,4339,0,134176,False,30.9
2024-07-10,Antibiotiques,3125,0,-3125,True,-1.0
2024-07-10,Morphine_IV,759,0,-759,True,-1.0
2024-07-10,Heparine,10686,0,-10686,True,-1.0
2024-07-10,Insuline,111383,0,-111383,True,-1.0
2024-07-11,Paracétamol_1g,4906,16200,145471,False,29.7
2024-07-11,Antibiotiques,3387,2916,-471,True,-0.1
2024-07-11,Morphine_IV,817,648,-169,True,-0.2
2024-07-11,Heparine,10394,9720,-674,True,-0.1
2024-07-11,Insuline,119270,19440,-99830,True,-0.8
2024-07-12,Paracétamol_1g,4684,0,140787,False,30.1
2024-07-12,Antibiotiques,3457,0,-3457,True,-1.0
2024-07-12,Morphine_IV,702,0,-702,True,-1.0
2024-07-12,Heparine,10803,0,-10803,True,-1.0
2024-07-12,Insuline,108001,0,-108001,True,-1.0
2024-07-13,Paracétamol_1g,4650,0,136136,False,29.3
2024-07-13,Antibiotiques,3459,0,-3459,True,-1.0
2024-07-13,Morphine_IV,771,0,-771,True,-1.0
2024-07-13,Heparine,11658,0,-11658,True,-1.0
2024-07-13,Insuline,108183,0,-108183,True,-1.0
2024-07-14,Paracétamol_1g,4498,0,131638,False,29.3
2024-07-14,Antibiotiques,3175,0,-3175,True,-1.0
2024-07-14,Morphine_IV,701,0,-701,True,-1.0
2024-07-14,Heparine,10765,0,-10765,True,-1.0
2024-07-14,Insuline,111740,0,-111740,True,-1.0
2024-07-15,Paracétamol_1g,4942,0,126696,False,25.6
2024-07-15,Antibiotiques,3302,0,-3302,True,-1.0
2024-07-15,Morphine_IV,701,0,-701,True,-1.0
2024-07-15,Heparine,11119,0,-11119,True,-1.0
2024-07-15,Insuline,115959,0,-115959,True,-1.0
2024-07-16,Paracétamol_1g,4727,16200,138169,False,29.2
2024-07-16,Antibiotiques,2885,2916,31,True,0.0
2024-07-16,Morphine_IV,723,648,-75,True,-0.1
2024-07-16,Heparine,10749,9720,-1029,True,-0.1
2024-07-16,Insuline,105567,19440,-86127,True,-0.8
2024-07-17,Paracétamol_1g,4736,0,133433,False,28.2
2024-07-17,Antibiotiques,3001,0,-2971,True,-1.0
2024-07-17,Morphine_IV,730,0,-730,True,-1.0
2024-07-17,Heparine,11785,0,-11785,True,-1.0
2024-07-17,Insuline,106432,0,-106432,True,-1.0
2024-07-18,Paracétamol_1g,4398,16200,145235,False,33.0
2024-07-18,Antibiotiques,3392,2916,-476,True,-0.1
2024-07-18,Morphine_IV,731,648,-83,True,-0.1
2024-07-18,Heparine,10878,9720,-1158,True,-0.1
2024-07-18,Insuline,104809,19440,-85369,True,-0.8
2024-07-19,Paracétamol_1g,4458,0,140777,False,31.6
2024-07-19,Antibiotiques,3033,0,-3033,True,-1.0
2024-07-19,Morphine_IV,751,0,-751,True,-1.0
2024-07-19,Heparine,10584,0,-10584,True,-1.0
2024-07-19,Insuline,97517,0,-97517,True,-1.0
2024-07-20,Paracétamol_1g,4554,0,136223,False,29.9
2024-07-20,Antibiotiques,3143,0,-3143,True,-1.0
2024-07-20,Morphine_IV,732,0,-732,True,-1.0
2024-07-20,Heparine,10917,0,-10917,True,-1.0
2024-07-20,Insuline,110989,0,-110989,True,-1.0
2024-07-21,Paracétamol_1g,4528,0,131695,False,29.1
2024-07-21,Antibiotiques,3467,0,-3467,True,-1.0
2024-07-21,Morphine_IV,725,0,-725,True,-1.0
2024-07-21,Heparine,10593,0,-10593,True,-1.0
2024-07-21,Insuline,117516,0,-117516,True,-1.0
2024-07-22,Paracétamol_1g,4523,0,127172,False,28.1
2024-07-22,Antibiotiques,3387,0,-3387,True,-1.0
2024-07-22,Morphine_IV,729,0,-729,True,-1.0
2024-07-22,Heparine,11398,0,-11398,True,-1.0
2024-07-22,Insuline,113819,0,-113819,True,-1.0
2024-07-23,Paracétamol_1g,4330,16200,139042,False,32.1
2024-07-23,Antibiotiques,3407,2916,-491,True,-0.1
2024-07-23,Morphine_IV,669,648,-21,True,-0.0
2024-07-23,Heparine,11566,9720,-1846,True,-0.2
2024-07-23,Insuline,112971,19440,-93531,True,-0.8
2024-07-24,Paracétamol_1g,4510,0,134532,False,29.8
2024-07-24,Antibiotiques,3238,0,-3238,True,-1.0
2024-07-24,Morphine_IV,747,0,-747,True,-1.0
2024-07-24,Heparine,10579,0,-10579,True,-1.0
2024-07-24,Insuline,116572,0,-116572,True,-1.0
2024-07-25,Paracétamol_1g,4489,16200,146243,False,32.6
2024-07-25,Antibiotiques,3282,2916,-366,True,-0.1
2024-07-25,Morphine_IV,751,648,-103,True,-0.1
2024-07-25,Heparine,11272,9720,-1552,True,-0.1
2024-07-25,Insuline,104962,19440,-85522,True,-0.8
2024-07-26,Paracétamol_1g,4867,0,141376,False,29.1
2024-07-26,Antibiotiques,3344,0,-3344,True,-1.0
2024-07-26,Morphine_IV,781,0,-781,True,-1.0
2024-07-26,Heparine,10463,0,-10463,True,-1.0
2024-07-26,Insuline,117421,0,-117421,True,-1.0
2024-07-27,Paracétamol_1g,4663,0,136713,False,29.3
2024-07-27,Antibiotiques,3071,0,-3071,True,-1.0
2024-07-27,Morphine_IV,634,0,-634,True,-1.0
2024-07-27,Heparine,10383,0,-10383,True,-1.0
2024-07-27,Insuline,111153,0,-111153,True,-1.0
2024-07-28,Paracétamol_1g,4874,0,131839,False,27.0
2024-07-28,Antibiotiques,3135,0,-3135,True,-1.0
2024-07-28,Morphine_IV,812,0,-812,True,-1.0
2024-07-28,Heparine,10826,0,-10826,True,-1.0
2024-07-28,Insuline,116029,0,-116029,True,-1.0
2024-07-29,Paracétamol_1g,4080,0,127759,False,31.3
2024-07-29,Antibiotiques,3181,0,-3181,True,-1.0
2024-07-29,Morphine_IV,651,0,-651,True,-1.0
2024-07-29,Heparine,11048,0,-11048,True,-1.0
2024-07-29,Insuline,108194,0,-108194,True,-1.0
2024-07-30,Paracétamol_1g,4429,16200,139530,False,31.5
2024-07-30,Antibiotiques,3359,2916,-443,True,-0.1
2024-07-30,Morphine_IV,797,648,-149,True,-0.2
2024-07-30,Heparine,11557,9720,-1837,True,-0.2
2024-07-30,Insuline,101626,19440,-82186,True,-0.8
2024-07-31,Paracétamol_1g,4628,0,134902,False,29.2
2024-07-31,Antibiotiques,3346,0,-3346,True,-1.0
2024-07-31,Morphine_IV,673,0,-673,True,-1.0
2024-07-31,Heparine,11311,0,-11311,True,-1.0
2024-07-31,Insuline,115185,0,-115185,True,-1.0
2024-08-01,Paracétamol_1g,4546,16200,146556,False,32.2
2024-08-01,Antibiotiques,3636,2916,-720,True,-0.2
2024-08-01,Morphine_IV,691,648,-43,True,-0.1
2024-08-01,Heparine,12098,9720,-2378,True,-0.2
2024-08-01,Insuline,113423,19440,-93983,True,-0.8
2024-08-02,Paracétamol_1g,4353,0,142203,False,32.7
2024-08-02,Antibiotiques,3149,0,-3149,True,-1.0
2024-08-02,Morphine_IV,767,0,-767,True,-1.0
2024-08-02,Heparine,11553,0,-11553,True,-1.0
2024-08-02,Insuline,112363,0,-112363,True,-1.0
2024-08-03,Paracétamol_1g,4659,0,137544,False,29.5
2024-08-03,Antibiotiques,3239,0,-3239,True,-1.0
2024-08-03,Morphine_IV,779,0,-779,True,-1.0
2024-08-03,Heparine,11243,0,-11243,True,-1.0
2024-08-03,Insuline,109741,0,-109741,True,-1.0
2024-08-04,Paracétamol_1g,4193,0,133351,False,31.8
2024-08-04,Antibiotiques,3045,0,-3045,True,-1.0
2024-08-04,Morphine_IV,656,0,-656,True,-1.0
2024-08-04,Heparine,10526,0,-10526,True,-1.0
2024-08-04,Insuline,98589,0,-98589,True,-1.0
2024-08-05,Paracétamol_1g,4308,0,129043,False,30.0
2024-08-05,Antibiotiques,3247,0,-3247,True,-1.0
2024-08-05,Morphine_IV,735,0,-735,True,-1.0
2024-08-05,Heparine,10390,0,-10390,True,-1.0
2024-08-05,Insuline,101732,0,-101732,True,-1.0
2024-08-06,Paracétamol_1g,4771,16200,140472,False,29.4
2024-08-06,Antibiotiques,3660,2916,-744,True,-0.2
2024-08-06,Morphine_IV,738,648,-90,True,-0.1
2024-08-06,Heparine,11715,9720,-1995,True,-0.2
2024-08-06,Insuline,122347,19440,-102907,True,-0.8
2024-08-07,Paracétamol_1g,4859,0,135613,False,27.9
2024-08-07,Antibiotiques,2733,0,-2733,True,-1.0
2024-08-07,Morphine_IV,777,0,-777,True,-1.0
2024-08-07,Heparine,11037,0,-11037,True,-1.0
2024-08-07,Insuline,104873,0,-104873,True,-1.0
2024-08-08,Paracétamol_1g,4638,16200,147175,False,31.7
2024-08-08,Antibiotiques,3431,2916,-515,True,-0.2
2024-08-08,Morphine_IV,818,648,-170,True,-0.2
2024-08-08,Heparine,11145,9720,-1425,True,-0.1
2024-08-08,Insuline,120291,19440,-100851,True,-0.8
2024-08-09,Paracétamol_1g,4948,0,142227,False,28.7
2024-08-09,Antibiotiques,3660,0,-3660,True,-1.0
2024-08-09,Morphine_IV,757,0,-757,True,-1.0
2024-08-09,Heparine,11663,0,-11663,True,-1.0
2024-08-09,Insuline,115230,0,-115230,True,-1.0
2024-08-10,Paracétamol_1g,4546,0,137682,False,30.3
2024-08-10,Antibiotiques,3254,0,-3254,True,-1.0
2024-08-10,Morphine_IV,748,0,-748,True,-1.0
2024-08-10,Heparine,10532,0,-10532,True,-1.0
2024-08-10,Insuline,111475,0,-111475,True,-1.0
2024-08-11,Paracétamol_1g,4596,0,133085,False,29.0
2024-08-11,Antibiotiques,3242,0,-3242,True,-1.0
2024-08-11,Morphine_IV,636,0,-636,True,-1.0
2024-08-11,Heparine,10406,0,-10406,True,-1.0
2024-08-11,Insuline,107102,0,-107102,True,-1.0
2024-08-12,Paracétamol_1g,4676,0,128409,False,27.5
2024-08-12,Antibiotiques,3249,0,-3249,True,-1.0
2024-08-12,Morphine_IV,732,0,-732,True,-1.0
2024-08-12,Heparine,11412,0,-11412,True,-1.0
2024-08-12,Insuline,108140,0,-108140,True,-1.0
2024-08-13,Paracétamol_1g,4300,16200,140309,False,32.6
2024-08-13,Antibiotiques,3012,2916,-96,True,-0.0
2024-08-13,Morphine_IV,679,648,-31,True,-0.0
2024-08-13,Heparine,11038,9720,-1318,True,-0.1
2024-08-13,Insuline,114926,19440,-95486,True,-0.8
2024-08-14,Paracétamol_1g,4127,0,136182,False,33.0
2024-08-14,Antibiotiques,3370,0,-3370,True,-1.0
2024-08-14,Morphine_IV,748,0,-748,True,-1.0
2024-08-14,Heparine,11144,0,-11144,True,-1.0
2024-08-14,Insuline,118991,0,-118991,True,-1.0
2024-08-15,Paracétamol_1g,5035,16200,147347,False,29.3
2024-08-15,Antibiotiques,3125,2916,-209,True,-0.1
2024-08-15,Morphine_IV,739,648,-91,True,-0.1
2024-08-15,Heparine,11147,9720,-1427,True,-0.1
2024-08-15,Insuline,111019,19440,-91579,True,-0.8
2024-08-16,Paracétamol_1g,4216,0,143131,False,34.0
2024-08-16,Antibiotiques,3205,0,-3205,True,-1.0
2024-08-16,Morphine_IV,722,0,-722,True,-1.0
2024-08-16,Heparine,10384,0,-10384,True,-1.0
2024-08-16,Insuline,111485,0,-111485,True,-1.0
2024-08-17,Paracétamol_1g,4635,0,138497,False,29.9
2024-08-17,Antibiotiques,3312,0,-3312,True,-1.0
2024-08-17,Morphine_IV,697,0,-697,True,-1.0
2024-08-17,Heparine,11055,0,-11055,True,-1.0
2024-08-17,Insuline,111347,0,-111347,True,-1.0
2024-08-18,Paracétamol_1g,4557,0,133939,False,29.4
2024-08-18,Antibiotiques,2967,0,-2967,True,-1.0
2024-08-18,Morphine_IV,791,0,-791,True,-1.0
2024-08-18,Heparine,10837,0,-10837,True,-1.0
2024-08-18,Insuline,111495,0,-111495,True,-1.0
2024-08-19,Paracétamol_1g,4630,0,129309,False,27.9
2024-08-19,Antibiotiques,3339,0,-3339,True,-1.0
2024-08-19,Morphine_IV,702,0,-702,True,-1.0
2024-08-19,Heparine,10671,0,-10671,True,-1.0
2024-08-19,Insuline,100435,0,-100435,True,-1.0
2024-08-20,Paracétamol_1g,4490,16200,141019,False,31.4
2024-08-20,Antibiotiques,3113,2916,-197,True,-0.1
2024-08-20,Morphine_IV,686,648,-38,True,-0.1
2024-08-20,Heparine,10506,9720,-786,True,-0.1
2024-08-20,Insuline,118589,19440,-99149,True,-0.8
2024-08-21,Paracétamol_1g,4332,0,136687,False,31.6
2024-08-21,Antibiotiques,3298,0,-3298,True,-1.0
2024-08-21,Morphine_IV,744,0,-744,True,-1.0
2024-08-21,Heparine,11571,0,-11571,True,-1.0
2024-08-21,Insuline,105138,0,-105138,True,-1.0
2024-08-22,Paracétamol_1g,4217,16200,148670,False,35.3
2024-08-22,Antibiotiques,3638,2916,-722,True,-0.2
2024-08-22,Morphine_IV,729,648,-81,True,-0.1
2024-08-22,Heparine,10505,9720,-785,True,-0.1
2024-08-22,Insuline,104371,19440,-84931,True,-0.8
2024-08-23,Paracétamol_1g,4987,0,143683,False,28.8
2024-08-23,Antibiotiques,3281,0,-3281,True,-1.0
2024-08-23,Morphine_IV,785,0,-785,True,-1.0
2024-08-23,Heparine,11802,0,-11802,True,-1.0
2024-08-23,Insuline,112804,0,-112804,True,-1.0
2024-08-24,Paracétamol_1g,4573,0,139110,False,30.4
2024-08-24,Antibiotiques,2940,0,-2940,True,-1.0
2024-08-24,Morphine_IV,758,0,-758,True,-1.0
2024-08-24,Heparine,10248,0,-10248,True,-1.0
2024-08-24,Insuline,110465,0,-110465,True,-1.0
2024-08-25,Paracétamol_1g,4409,0,134701,False,30.6
2024-08-25,Antibiotiques,3224,0,-3224,True,-1.0
2024-08-25,Morphine_IV,741,0,-741,True,-1.0
2024-08-25,Heparine,11200,0,-11200,True,-1.0
2024-08-25,Insuline,108830,0,-108830,True,-1.0
2024-08-26,Paracétamol_1g,5079,0,129622,False,25.5
2024-08-26,Antibiotiques,3739,0,-3739,True,-1.0
2024-08-26,Morphine_IV,728,0,-728,True,-1.0
2024-08-26,Heparine,11251,0,-11251,True,-1.0
2024-08-26,Insuline,115352,0,-115352,True,-1.0
2024-08-27,Paracétamol_1g,4360,16200,141462,False,32.4
2024-08-27,Antibiotiques,3094,2916,-178,True,-0.1
2024-08-27,Morphine_IV,654,648,-6,True,-0.0
2024-08-27,Heparine,11711,9720,-1991,True,-0.2
2024-08-27,Insuline,101585,19440,-82145,True,-0.8
2024-08-28,Paracétamol_1g,5040,0,136422,False,27.1
2024-08-28,Antibiotiques,3431,0,-3431,True,-1.0
2024-08-28,Morphine_IV,694,0,-694,True,-1.0
2024-08-28,Heparine,10967,0,-10967,True,-1.0
2024-08-28,Insuline,97596,0,-97596,True,-1.0
2024-08-29,Paracétamol_1g,4793,16200,147829,False,30.8
2024-08-29,Antibiotiques,3448,2916,-532,True,-0.2
2024-08-29,Morphine_IV,717,648,-69,True,-0.1
2024-08-29,Heparine,11432,9720,-1712,True,-0.1
2024-08-29,Insuline,121386,19440,-101946,True,-0.8
2024-08-30,Paracétamol_1g,4541,0,143288,False,31.6
2024-08-30,Antibiotiques,2842,0,-2842,True,-1.0
2024-08-30,Morphine_IV,658,0,-658,True,-1.0
2024-08-30,Heparine,10073,0,-10073,True,-1.0
2024-08-30,Insuline,106844,0,-106844,True,-1.0
2024-08-31,Paracétamol_1g,4220,0,139068,False,33.0
2024-08-31,Antibiotiques,3490,0,-3490,True,-1.0
2024-08-31,Morphine_IV,665,0,-665,True,-1.0
2024-08-31,Heparine,11031,0,-11031,True,-1.0
2024-08-31,Insuline,111002,0,-111002,True,-1.0
2024-09-01,Paracétamol_1g,5027,0,134041,False,26.7
2024-09-01,Antibiotiques,3261,0,-3261,True,-1.0
2024-09-01,Morphine_IV,688,0,-688,True,-1.0
2024-09-01,Heparine,11304,0,-11304,True,-1.0
2024-09-01,Insuline,104973,0,-104973,True,-1.0
2024-09-02,Paracétamol_1g,4629,0,129412,False,28.0
2024-09-02,Antibiotiques,3334,0,-3334,True,-1.0
2024-09-02,Morphine_IV,782,0,-782,True,-1.0
2024-09-02,Heparine,11740,0,-11740,True,-1.0
2024-09-02,Insuline,111129,0,-111129,True,-1.0
2024-09-03,Paracétamol_1g,4808,16200,140803,False,29.3
2024-09-03,Antibiotiques,3518,2916,-602,True,-0.2
2024-09-03,Morphine_IV,743,648,-95,True,-0.1
2024-09-03,Heparine,11692,9720,-1972,True,-0.2
2024-09-03,Insuline,109765,19440,-90325,True,-0.8
2024-09-04,Paracétamol_1g,4822,0,135981,False,28.2
2024-09-04,Antibiotiques,3508,0,-3508,True,-1.0
2024-09-04,Morphine_IV,789,0,-789,True,-1.0
2024-09-04,Heparine,10991,0,-10991,True,-1.0
2024-09-04,Insuline,121744,0,-121744,True,-1.0
2024-09-05,Paracétamol_1g,5019,16200,147162,False,29.3
2024-09-05,Antibiotiques,3080,2916,-164,True,-0.1
2024-09-05,Morphine_IV,728,648,-80,True,-0.1
2024-09-05,Heparine,11458,9720,-1738,True,-0.2
2024-09-05,Insuline,102629,19440,-83189,True,-0.8
2024-09-06,Paracétamol_1g,4640,0,142522,False,30.7
2024-09-06,Antibiotiques,3457,0,-3457,True,-1.0
2024-09-06,Morphine_IV,785,0,-785,True,-1.0
2024-09-06,Heparine,11185,0,-11185,True,-1.0
2024-09-06,Insuline,105173,0,-105173,True,-1.0
2024-09-07,Paracétamol_1g,5097,0,137425,False,27.0
2024-09-07,Antibiotiques,3172,0,-3172,True,-1.0
2024-09-07,Morphine_IV,793,0,-793,True,-1.0
2024-09-07,Heparine,10802,0,-10802,True,-1.0
2024-09-07,Insuline,111569,0,-111569,True,-1.0
2024-09-08,Paracétamol_1g,4555,0,132869,False,29.2
2024-09-08,Antibiotiques,3562,0,-3562,True,-1.0
2024-09-08,Morphine_IV,772,0,-772,True,-1.0
2024-09-08,Heparine,9338,0,-9338,True,-1.0
2024-09-08,Insuline,114239,0,-114239,True,-1.0
2024-09-09,Paracétamol_1g,4571,0,128298,False,28.1
2024-09-09,Antibiotiques,3300,0,-3300,True,-1.0
2024-09-09,Morphine_IV,770,0,-770,True,-1.0
2024-09-09,Heparine,10811,0,-10811,True,-1.0
2024-09-09,Insuline,106757,0,-106757,True,-1.0
2024-09-10,Paracétamol_1g,4559,16200,139940,False,30.7
2024-09-10,Antibiotiques,3535,2916,-619,True,-0.2
2024-09-10,Morphine_IV,783,648,-135,True,-0.2
2024-09-10,Heparine,11153,9720,-1433,True,-0.1
2024-09-10,Insuline,114400,19440,-94960,True,-0.8
2024-09-11,Paracétamol_1g,4554,0,135386,False,29.7
2024-09-11,Antibiotiques,3241,0,-3241,True,-1.0
2024-09-11,Morphine_IV,803,0,-803,True,-1.0
2024-09-11,Heparine,11924,0,-11924,True,-1.0
2024-09-11,Insuline,109841,0,-109841,True,-1.0
2024-09-12,Paracétamol_1g,4701,16200,146885,False,31.2
2024-09-12,Antibiotiques,3670,2916,-754,True,-0.2
2024-09-12,Morphine_IV,753,648,-105,True,-0.1
2024-09-12,Heparine,10622,9720,-902,True,-0.1
2024-09-12,Insuline,109636,19440,-90196,True,-0.8
2024-09-13,Paracétamol_1g,4797,0,142088,False,29.6
2024-09-13,Antibiotiques,3517,0,-3517,True,-1.0
2024-09-13,Morphine_IV,736,0,-736,True,-1.0
2024-09-13,Heparine,12208,0,-12208,True,-1.0
2024-09-13,Insuline,116470,0,-116470,True,-1.0
2024-09-14,Paracétamol_1g,4888,0,137200,False,28.1
2024-09-14,Antibiotiques,3213,0,-3213,True,-1.0
2024-09-14,Morphine_IV,728,0,-728,True,-1.0
2024-09-14,Heparine,11256,0,-11256,True,-1.0
2024-09-14,Insuline,110897,0,-110897,True,-1.0
2024-09-15,Paracétamol_1g,4971,0,132229,False,26.6
2024-09-15,Antibiotiques,3504,0,-3504,True,-1.0
2024-09-15,Morphine_IV,739,0,-739,True,-1.0
2024-09-15,Heparine,9864,0,-9864,True,-1.0
2024-09-15,Insuline,118024,0,-118024,True,-1.0
2024-09-16,Paracétamol_1g,4553,0,127676,False,28.0
2024-09-16,Antibiotiques,3798,0,-3798,True,-1.0
2024-09-16,Morphine_IV,762,0,-762,True,-1.0
2024-09-16,Heparine,11351,0,-11351,True,-1.0
2024-09-16,Insuline,116562,0,-116562,True,-1.0
2024-09-17,Paracétamol_1g,4669,16200,139207,False,29.8
2024-09-17,Antibiotiques,3446,2916,-530,True,-0.2
2024-09-17,Morphine_IV,770,648,-122,True,-0.2
2024-09-17,Heparine,11400,9720,-1680,True,-0.1
2024-09-17,Insuline,114720,19440,-95280,True,-0.8
2024-09-18,Paracétamol_1g,4635,0,134572,False,29.0
2024-09-18,Antibiotiques,3458,0,-3458,True,-1.0
2024-09-18,Morphine_IV,806,0,-806,True,-1.0
2024-09-18,Heparine,12090,0,-12090,True,-1.0
2024-09-18,Insuline,110479,0,-110479,True,-1.0
2024-09-19,Paracétamol_1g,4964,16200,145808,False,29.4
2024-09-19,Antibiotiques,3455,2916,-539,True,-0.2
2024-09-19,Morphine_IV,733,648,-85,True,-0.1
2024-09-19,Heparine,11676,9720,-1956,True,-0.2
2024-09-19,Insuline,111695,19440,-92255,True,-0.8
2024-09-20,Paracétamol_1g,4999,0,140809,False,28.2
2024-09-20,Antibiotiques,3030,0,-3030,True,-1.0
2024-09-20,Morphine_IV,748,0,-748,True,-1.0
2024-09-20,Heparine,10249,0,-10249,True,-1.0
2024-09-20,Insuline,106999,0,-106999,True,-1.0
2024-09-21,Paracétamol_1g,4532,0,136277,False,30.1
2024-09-21,Antibiotiques,3591,0,-3591,True,-1.0
2024-09-21,Morphine_IV,733,0,-733,True,-1.0
2024-09-21,Heparine,10693,0,-10693,True,-1.0
2024-09-21,Insuline,102880,0,-102880,True,-1.0
2024-09-22,Paracétamol_1g,5117,0,131160,False,25.6
2024-09-22,Antibiotiques,3516,0,-3516,True,-1.0
2024-09-22,Morphine_IV,684,0,-684,True,-1.0
2024-09-22,Heparine,11629,0,-11629,True,-1.0
2024-09-22,Insuline,114616,0,-114616,True,-1.0
2024-09-23,Paracétamol_1g,4627,0,126532,False,27.3
2024-09-23,Antibiotiques,3209,0,-3209,True,-1.0
2024-09-23,Morphine_IV,715,0,-715,True,-1.0
2024-09-23,Heparine,11303,0,-11303,True,-1.0
2024-09-23,Insuline,114452,0,-114452,True,-1.0
2024-09-24,Paracétamol_1g,4299,16200,138433,False,32.2
2024-09-24,Antibiotiques,3390,2916,-474,True,-0.1
2024-09-24,Morphine_IV,765,648,-117,True,-0.2
2024-09-24,Heparine,11910,9720,-2190,True,-0.2
2024-09-24,Insuline,121839,19440,-102399,True,-0.8
2024-09-25,Paracétamol_1g,4668,0,133766,False,28.7
2024-09-25,Antibiotiques,3702,0,-3702,True,-1.0
2024-09-25,Morphine_IV,735,0,-735,True,-1.0
2024-09-25,Heparine,12336,0,-12336,True,-1.0
2024-09-25,Insuline,109678,0,-109678,True,-1.0
2024-09-26,Paracétamol_1g,4976,16200,144989,False,29.1
2024-09-26,Antibiotiques,3619,2916,-703,True,-0.2
2024-09-26,Morphine_IV,776,648,-128,True,-0.2
2024-09-26,Heparine,12001,9720,-2281,True,-0.2
2024-09-26,Insuline,113654,19440,-94214,True,-0.8
2024-09-27,Paracétamol_1g,4664,0,140325,False,30.1
2024-09-27,Antibiotiques,3446,0,-3446,True,-1.0
2024-09-27,Morphine_IV,773,0,-773,True,-1.0
2024-09-27,Heparine,11680,0,-11680,True,-1.0
2024-09-27,Insuline,111840,0,-111840,True,-1.0
2024-09-28,Paracétamol_1g,4795,0,135530,False,28.3
2024-09-28,Antibiotiques,3195,0,-3195,True,-1.0
2024-09-28,Morphine_IV,672,0,-672,True,-1.0
2024-09-28,Heparine,10733,0,-10733,True,-1.0
2024-09-28,Insuline,119550,0,-119550,True,-1.0
2024-09-29,Paracétamol_1g,4910,0,130620,False,26.6
2024-09-29,Antibiotiques,3420,0,-3420,True,-1.0
2024-09-29,Morphine_IV,743,0,-743,True,-1.0
2024-09-29,Heparine,10051,0,-10051,True,-1.0
2024-09-29,Insuline,114495,0,-114495,True,-1.0
2024-09-30,Paracétamol_1g,4909,0,125711,False,25.6
2024-09-30,Antibiotiques,3781,0,-3781,True,-1.0
2024-09-30,Morphine_IV,726,0,-726,True,-1.0
2024-09-30,Heparine,11088,0,-11088,True,-1.0
2024-09-30,Insuline,117629,0,-117629,True,-1.0
2024-10-01,Paracétamol_1g,5271,16200,136640,False,25.9
2024-10-01,Antibiotiques,3263,2916,-347,True,-0.1
2024-10-01,Morphine_IV,744,648,-96,True,-0.1
2024-10-01,Heparine,12314,9720,-2594,True,-0.2
2024-10-01,Insuline,115155,19440,-95715,True,-0.8
2024-10-02,Paracétamol_1g,4899,0,131740,False,26.9
2024-10-02,Antibiotiques,3454,0,-3454,True,-1.0
2024-10-02,Morphine_IV,808,0,-808,True,-1.0
2024-10-02,Heparine,11395,0,-11395,True,-1.0
2024-10-02,Insuline,113715,0,-113715,True,-1.0
2024-10-03,Paracétamol_1g,4560,16200,143380,False,31.4
2024-10-03,Antibiotiques,3643,2916,-727,True,-0.2
2024-10-03,Morphine_IV,748,648,-100,True,-0.1
2024-10-03,Heparine,11266,9720,-1546,True,-0.1
2024-10-03,Insuline,111781,19440,-92341,True,-0.8
2024-10-04,Paracétamol_1g,4909,0,138471,False,28.2
2024-10-04,Antibiotiques,3382,0,-3382,True,-1.0
2024-10-04,Morphine_IV,723,0,-723,True,-1.0
2024-10-04,Heparine,11564,0,-11564,True,-1.0
2024-10-04,Insuline,115934,0,-115934,True,-1.0
2024-10-05,Paracétamol_1g,4475,0,133996,False,29.9
2024-10-05,Antibiotiques,3405,0,-3405,True,-1.0
2024-10-05,Morphine_IV,723,0,-723,True,-1.0
2024-10-05,Heparine,11648,0,-11648,True,-1.0
2024-10-05,Insuline,106224,0,-106224,True,-1.0
2024-10-06,Paracétamol_1g,4619,0,129376,False,28.0
2024-10-06,Antibiotiques,3538,0,-3538,True,-1.0
2024-10-06,Morphine_IV,822,0,-822,True,-1.0
2024-10-06,Heparine,10662,0,-10662,True,-1.0
2024-10-06,Insuline,115425,0,-115425,True,-1.0
2024-10-07,Paracétamol_1g,4914,0,124463,False,25.3
2024-10-07,Antibiotiques,3300,0,-3300,True,-1.0
2024-10-07,Morphine_IV,778,0,-778,True,-1.0
2024-10-07,Heparine,11620,0,-11620,True,-1.0
2024-10-07,Insuline,112058,0,-112058,True,-1.0
2024-10-08,Paracétamol_1g,4243,16200,136420,False,32.2
2024-10-08,Antibiotiques,3521,2916,-605,True,-0.2
2024-10-08,Morphine_IV,707,648,-59,True,-0.1
2024-10-08,Heparine,11633,9720,-1913,True,-0.2
2024-10-08,Insuline,100389,19440,-80949,True,-0.8
2024-10-09,Paracétamol_1g,4832,0,131588,False,27.2
2024-10-09,Antibiotiques,3388,0,-3388,True,-1.0
2024-10-09,Morphine_IV,799,0,-799,True,-1.0
2024-10-09,Heparine,12372,0,-12372,True,-1.0
2024-10-09,Insuline,128457,0,-128457,True,-1.0
2024-10-10,Paracétamol_1g,4310,16200,143477,False,33.3
2024-10-10,Antibiotiques,3369,2916,-453,True,-0.1
2024-10-10,Morphine_IV,709,648,-61,True,-0.1
2024-10-10,Heparine,11140,9720,-1420,True,-0.1
2024-10-10,Insuline,113259,19440,-93819,True,-0.8
2024-10-11,Paracétamol_1g,4422,0,139055,False,31.4
2024-10-11,Antibiotiques,3292,0,-3292,True,-1.0
2024-10-11,Morphine_IV,767,0,-767,True,-1.0
2024-10-11,Heparine,12810,0,-12810,True,-1.0
2024-10-11,Insuline,113584,0,-113584,True,-1.0
2024-10-12,Paracétamol_1g,4509,0,134546,False,29.8
2024-10-12,Antibiotiques,2921,0,-2921,True,-1.0
2024-10-12,Morphine_IV,720,0,-720,True,-1.0
2024-10-12,Heparine,10725,0,-10725,True,-1.0
2024-10-12,Insuline,115412,0,-115412,True,-1.0
2024-10-13,Paracétamol_1g,4600,0,129947,False,28.3
2024-10-13,Antibiotiques,3735,0,-3735,True,-1.0
2024-10-13,Morphine_IV,727,0,-727,True,-1.0
2024-10-13,Heparine,11632,0,-11632,True,-1.0
2024-10-13,Insuline,111427,0,-111427,True,-1.0
2024-10-14,Paracétamol_1g,4678,0,125269,False,26.8
2024-10-14,Antibiotiques,3400,0,-3400,True,-1.0
2024-10-14,Morphine_IV,739,0,-739,True,-1.0
2024-10-14,Heparine,11351,0,-11351,True,-1.0
2024-10-14,Insuline,116326,0,-116326,True,-1.0
2024-10-15,Paracétamol_1g,4947,16200,136522,False,27.6
2024-10-15,Antibiotiques,3380,2916,-464,True,-0.1
2024-10-15,Morphine_IV,768,648,-120,True,-0.2
2024-10-15,Heparine,11527,9720,-1807,True,-0.2
2024-10-15,Insuline,119741,19440,-100301,True,-0.8
2024-10-16,Paracétamol_1g,5153,0,131368,False,25.5
2024-10-16,Antibiotiques,3516,0,-3516,True,-1.0
2024-10-16,Morphine_IV,708,0,-708,True,-1.0
2024-10-16,Heparine,11718,0,-11718,True,-1.0
2024-10-16,Insuline,116861,0,-116861,True,-1.0
2024-10-17,Paracétamol_1g,4796,16200,142773,False,29.8
2024-10-17,Antibiotiques,3324,2916,-408,True,-0.1
2024-10-17,Morphine_IV,818,648,-170,True,-0.2
2024-10-17,Heparine,10690,9720,-970,True,-0.1
2024-10-17,Insuline,114273,19440,-94833,True,-0.8
2024-10-18,Paracétamol_1g,4757,0,138016,False,29.0
2024-10-18,Antibiotiques,3597,0,-3597,True,-1.0
2024-10-18,Morphine_IV,755,0,-755,True,-1.0
2024-10-18,Heparine,11721,0,-11721,True,-1.0
2024-10-18,Insuline,116169,0,-116169,True,-1.0
2024-10-19,Paracétamol_1g,4534,0,133482,False,29.4
2024-10-19,Antibiotiques,3388,0,-3388,True,-1.0
2024-10-19,Morphine_IV,742,0,-742,True,-1.0
2024-10-19,Heparine,11115,0,-11115,True,-1.0
2024-10-19,Insuline,109105,0,-109105,True,-1.0
2024-10-20,Paracétamol_1g,4625,0,128857,False,27.9
2024-10-20,Antibiotiques,3154,0,-3154,True,-1.0
2024-10-20,Morphine_IV,810,0,-810,True,-1.0
2024-10-20,Heparine,11500,0,-11500,True,-1.0
2024-10-20,Insuline,120459,0,-120459,True,-1.0
2024-10-21,Paracétamol_1g,4654,0,124203,False,26.7
2024-10-21,Antibiotiques,3098,0,-3098,True,-1.0
2024-10-21,Morphine_IV,736,0,-736,True,-1.0
2024-10-21,Heparine,10643,0,-10643,True,-1.0
2024-10-21,Insuline,115694,0,-115694,True,-1.0
2024-10-22,Paracétamol_1g,4309,16200,136094,False,31.6
2024-10-22,Antibiotiques,3388,2916,-472,True,-0.1
2024-10-22,Morphine_IV,774,648,-126,True,-0.2
2024-10-22,Heparine,11260,9720,-1540,True,-0.1
2024-10-22,Insuline,108372,19440,-88932,True,-0.8
2024-10-23,Paracétamol_1g,4812,0,131282,False,27.3
2024-10-23,Antibiotiques,3515,0,-3515,True,-1.0
2024-10-23,Morphine_IV,777,0,-777,True,-1.0
2024-10-23,Heparine,10618,0,-10618,True,-1.0
2024-10-23,Insuline,112840,0,-112840,True,-1.0
2024-10-24,Paracétamol_1g,4770,16200,142712,False,29.9
2024-10-24,Antibiotiques,3522,2916,-606,True,-0.2
2024-10-24,Morphine_IV,778,648,-130,True,-0.2
2024-10-24,Heparine,11614,9720,-1894,True,-0.2
2024-10-24,Insuline,108928,19440,-89488,True,-0.8
2024-10-25,Paracétamol_1g,4333,0,138380,False,31.9
2024-10-25,Antibiotiques,3617,0,-3617,True,-1.0
2024-10-25,Morphine_IV,745,0,-745,True,-1.0
2024-10-25,Heparine,11710,0,-11710,True,-1.0
2024-10-25,Insuline,115047,0,-115047,True,-1.0
2024-10-26,Paracétamol_1g,4783,0,133597,False,27.9
2024-10-26,Antibiotiques,3462,0,-3462,True,-1.0
2024-10-26,Morphine_IV,783,0,-783,True,-1.0
2024-10-26,Heparine,11620,0,-11620,True,-1.0
2024-10-26,Insuline,111643,0,-111643,True,-1.0
2024-10-27,Paracétamol_1g,4395,0,129202,False,29.4
2024-10-27,Antibiotiques,3103,0,-3103,True,-1.0
2024-10-27,Morphine_IV,787,0,-787,True,-1.0
2024-10-27,Heparine,11035,0,-11035,True,-1.0
2024-10-27,Insuline,107739,0,-107739,True,-1.0
2024-10-28,Paracétamol_1g,4676,0,124526,False,26.6
2024-10-28,Antibiotiques,3166,0,-3166,True,-1.0
2024-10-28,Morphine_IV,699,0,-699,True,-1.0
2024-10-28,Heparine,10761,0,-10761,True,-1.0
2024-10-28,Insuline,109937,0,-109937,True,-1.0
2024-10-29,Paracétamol_1g,4545,16200,136181,False,30.0
2024-10-29,Antibiotiques,3328,2916,-412,True,-0.1
2024-10-29,Morphine_IV,742,648,-94,True,-0.1
2024-10-29,Heparine,11389,9720,-1669,True,-0.1
2024-10-29,Insuline,121613,19440,-102173,True,-0.8
2024-10-30,Paracétamol_1g,4616,0,131564,False,28.5
2024-10-30,Antibiotiques,3548,0,-3548,True,-1.0
2024-10-30,Morphine_IV,836,0,-836,True,-1.0
2024-10-30,Heparine,11753,0,-11753,True,-1.0
2024-10-30,Insuline,125877,0,-125877,True,-1.0
2024-10-31,Paracétamol_1g,4944,16200,142821,False,28.9
2024-10-31,Antibiotiques,3578,2916,-662,True,-0.2
2024-10-31,Morphine_IV,763,648,-115,True,-0.2
2024-10-31,Heparine,11963,9720,-2243,True,-0.2
2024-10-31,Insuline,117355,19440,-97915,True,-0.8
2024-11-01,Paracétamol_1g,4682,0,138139,False,29.5
2024-11-01,Antibiotiques,3527,0,-3527,True,-1.0
2024-11-01,Morphine_IV,742,0,-742,True,-1.0
2024-11-01,Heparine,10266,0,-10266,True,-1.0
2024-11-01,Insuline,122164,0,-122164,True,-1.0
2024-11-02,Paracétamol_1g,4761,0,133378,False,28.0
2024-11-02,Antibiotiques,3245,0,-3245,True,-1.0
2024-11-02,Morphine_IV,777,0,-777,True,-1.0
2024-11-02,Heparine,10269,0,-10269,True,-1.0
2024-11-02,Insuline,101377,0,-101377,True,-1.0
2024-11-03,Paracétamol_1g,4761,0,128617,False,27.0
2024-11-03,Antibiotiques,3381,0,-3381,True,-1.0
2024-11-03,Morphine_IV,735,0,-735,True,-1.0
2024-11-03,Heparine,11040,0,-11040,True,-1.0
2024-11-03,Insuline,108433,0,-108433,True,-1.0
2024-11-04,Paracétamol_1g,4797,0,123820,False,25.8
2024-11-04,Antibiotiques,3996,0,-3996,True,-1.0
2024-11-04,Morphine_IV,800,0,-800,True,-1.0
2024-11-04,Heparine,11222,0,-11222,True,-1.0
2024-11-04,Insuline,126163,0,-126163,True,-1.0
2024-11-05,Paracétamol_1g,4454,16200,135566,False,30.4
2024-11-05,Antibiotiques,3359,2916,-443,True,-0.1
2024-11-05,Morphine_IV,711,648,-63,True,-0.1
2024-11-05,Heparine,11625,9720,-1905,True,-0.2
2024-11-05,Insuline,107418,19440,-87978,True,-0.8
2024-11-06,Paracétamol_1g,4607,0,130959,False,28.4
2024-11-06,Antibiotiques,3268,0,-3268,True,-1.0
2024-11-06,Morphine_IV,738,0,-738,True,-1.0
2024-11-06,Heparine,11241,0,-11241,True,-1.0
2024-11-06,Insuline,118026,0,-118026,True,-1.0
2024-11-07,Paracétamol_1g,4553,16200,142607,False,31.3
2024-11-07,Antibiotiques,3378,2916,-462,True,-0.1
2024-11-07,Morphine_IV,805,648,-157,True,-0.2
2024-11-07,Heparine,12414,9720,-2694,True,-0.2
2024-11-07,Insuline,111571,19440,-92131,True,-0.8
2024-11-08,Paracétamol_1g,4714,0,137892,False,29.3
2024-11-08,Antibiotiques,3097,0,-3097,True,-1.0
2024-11-08,Morphine_IV,759,0,-759,True,-1.0
2024-11-08,Heparine,11466,0,-11466,True,-1.0
2024-11-08,Insuline,117926,0,-117926,True,-1.0
2024-11-09,Paracétamol_1g,4336,0,133556,False,30.8
2024-11-09,Antibiotiques,3279,0,-3279,True,-1.0
2024-11-09,Morphine_IV,671,0,-671,True,-1.0
2024-11-09,Heparine,11146,0,-11146,True,-1.0
2024-11-09,Insuline,115390,0,-115390,True,-1.0
2024-11-10,Paracétamol_1g,4705,0,128851,False,27.4
2024-11-10,Antibiotiques,3458,0,-3458,True,-1.0
2024-11-10,Morphine_IV,731,0,-731,True,-1.0
2024-11-10,Heparine,11040,0,-11040,True,-1.0
2024-11-10,Insuline,113739,0,-113739,True,-1.0
2024-11-11,Paracétamol_1g,4895,0,123956,False,25.3
2024-11-11,Antibiotiques,3196,0,-3196,True,-1.0
2024-11-11,Morphine_IV,757,0,-757,True,-1.0
2024-11-11,Heparine,10953,0,-10953,True,-1.0
2024-11-11,Insuline,116429,0,-116429,True,-1.0
2024-11-12,Paracétamol_1g,4831,16200,135325,False,28.0
2024-11-12,Antibiotiques,3453,2916,-537,True,-0.2
2024-11-12,Morphine_IV,778,648,-130,True,-0.2
2024-11-12,Heparine,10183,9720,-463,True,-0.0
2024-11-12,Insuline,114209,19440,-94769,True,-0.8
2024-11-13,Paracétamol_1g,4914,0,130411,False,26.5
2024-11-13,Antibiotiques,3324,0,-3324,True,-1.0
2024-11-13,Morphine_IV,781,0,-781,True,-1.0
2024-11-13,Heparine,11945,0,-11945,True,-1.0
2024-11-13,Insuline,103903,0,-103903,True,-1.0
2024-11-14,Paracétamol_1g,4585,16200,142026,False,31.0
2024-11-14,Antibiotiques,3246,2916,-330,True,-0.1
2024-11-14,Morphine_IV,749,648,-101,True,-0.1
2024-11-14,Heparine,11255,9720,-1535,True,-0.1
2024-11-14,Insuline,110799,19440,-91359,True,-0.8
2024-11-15,Paracétamol_1g,4720,0,137306,False,29.1
2024-11-15,Antibiotiques,3353,0,-3353,True,-1.0
2024-11-15,Morphine_IV,810,0,-810,True,-1.0
2024-11-15,Heparine,10270,0,-10270,True,-1.0
2024-11-15,Insuline,114375,0,-114375,True,-1.0
2024-11-16,Paracétamol_1g,4475,0,132831,False,29.7
2024-11-16,Antibiotiques,3058,0,-3058,True,-1.0
2024-11-16,Morphine_IV,753,0,-753,True,-1.0
2024-11-16,Heparine,10833,0,-10833,True,-1.0
2024-11-16,Insuline,107059,0,-107059,True,-1.0
2024-11-17,Paracétamol_1g,4623,0,128208,False,27.7
2024-11-17,Antibiotiques,3222,0,-3222,True,-1.0
2024-11-17,Morphine_IV,710,0,-710,True,-1.0
2024-11-17,Heparine,10461,0,-10461,True,-1.0
2024-11-17,Insuline,110532,0,-110532,True,-1.0
2024-11-18,Paracétamol_1g,4457,0,123751,False,27.8
2024-11-18,Antibiotiques,3393,0,-3393,True,-1.0
2024-11-18,Morphine_IV,769,0,-769,True,-1.0
2024-11-18,Heparine,11451,0,-11451,True,-1.0
2024-11-18,Insuline,115493,0,-115493,True,-1.0
2024-11-19,Paracétamol_1g,4429,16200,135521,False,30.6
2024-11-19,Antibiotiques,3498,2916,-582,True,-0.2
2024-11-19,Morphine_IV,666,648,-18,True,-0.0
2024-11-19,Heparine,11932,9720,-2212,True,-0.2
2024-11-19,Insuline,114094,19440,-94654,True,-0.8
2024-11-20,Paracétamol_1g,4551,0,130971,False,28.8
2024-11-20,Antibiotiques,3328,0,-3328,True,-1.0
2024-11-20,Morphine_IV,814,0,-814,True,-1.0
2024-11-20,Heparine,10885,0,-10885,True,-1.0
2024-11-20,Insuline,114769,0,-114769,True,-1.0
2024-11-21,Paracétamol_1g,4648,16200,142523,False,30.7
2024-11-21,Antibiotiques,3229,2916,-313,True,-0.1
2024-11-21,Morphine_IV,745,648,-97,True,-0.1
2024-11-21,Heparine,12169,9720,-2449,True,-0.2
2024-11-21,Insuline,116741,19440,-97301,True,-0.8
2024-11-22,Paracétamol_1g,4438,0,138085,False,31.1
2024-11-22,Antibiotiques,3529,0,-3529,True,-1.0
2024-11-22,Morphine_IV,744,0,-744,True,-1.0
2024-11-22,Heparine,12116,0,-12116,True,-1.0
2024-11-22,Insuline,120149,0,-120149,True,-1.0
2024-11-23,Paracétamol_1g,4490,0,133595,False,29.8
2024-11-23,Antibiotiques,3440,0,-3440,True,-1.0
2024-11-23,Morphine_IV,749,0,-749,True,-1.0
2024-11-23,Heparine,11373,0,-11373,True,-1.0
2024-11-23,Insuline,119550,0,-119550,True,-1.0
2024-11-24,Paracétamol_1g,4670,0,128925,False,27.6
2024-11-24,Antibiotiques,3269,0,-3269,True,-1.0
2024-11-24,Morphine_IV,768,0,-768,True,-1.0
2024-11-24,Heparine,11851,0,-11851,True,-1.0
2024-11-24,Insuline,103707,0,-103707,True,-1.0
2024-11-25,Paracétamol_1g,4978,0,123946,False,24.9
2024-11-25,Antibiotiques,3486,0,-3486,True,-1.0
2024-11-25,Morphine_IV,745,0,-745,True,-1.0
2024-11-25,Heparine,11326,0,-11326,True,-1.0
2024-11-25,Insuline,121555,0,-121555,True,-1.0
2024-11-26,Paracétamol_1g,4527,16200,135619,False,30.0
2024-11-26,Antibiotiques,3327,2916,-411,True,-0.1
2024-11-26,Morphine_IV,723,648,-75,True,-0.1
2024-11-26,Heparine,12082,9720,-2362,True,-0.2
2024-11-26,Insuline,101656,19440,-82216,True,-0.8
2024-11-27,Paracétamol_1g,5076,0,130543,False,25.7
2024-11-27,Antibiotiques,3394,0,-3394,True,-1.0
2024-11-27,Morphine_IV,808,0,-808,True,-1.0
2024-11-27,Heparine,11701,0,-11701,True,-1.0
2024-11-27,Insuline,114508,0,-114508,True,-1.0
2024-11-28,Paracétamol_1g,5214,16200,141529,False,27.1
2024-11-28,Antibiotiques,3040,2916,-124,True,-0.0
2024-11-28,Morphine_IV,747,648,-99,True,-0.1
2024-11-28,Heparine,10125,9720,-405,True,-0.0
2024-11-28,Insuline,107742,19440,-88302,True,-0.8
2024-11-29,Paracétamol_1g,4577,0,136952,False,29.9
2024-11-29,Antibiotiques,3795,0,-3795,True,-1.0
2024-11-29,Morphine_IV,719,0,-719,True,-1.0
2024-11-29,Heparine,11764,0,-11764,True,-1.0
2024-11-29,Insuline,121981,0,-121981,True,-1.0
2024-11-30,Paracétamol_1g,4552,0,132401,False,29.1
2024-11-30,Antibiotiques,3582,0,-3582,True,-1.0
2024-11-30,Morphine_IV,742,0,-742,True,-1.0
2024-11-30,Heparine,10636,0,-10636,True,-1.0
2024-11-30,Insuline,110697,0,-110697,True,-1.0
2024-12-01,Paracétamol_1g,5083,0,127318,False,25.0
2024-12-01,Antibiotiques,3554,0,-3554,True,-1.0
2024-12-01,Morphine_IV,786,0,-786,True,-1.0
2024-12-01,Heparine,11429,0,-11429,True,-1.0
2024-12-01,Insuline,129720,0,-129720,True,-1.0
2024-12-02,Paracétamol_1g,5375,0,121943,False,22.7
2024-12-02,Antibiotiques,3456,0,-3456,True,-1.0
2024-12-02,Morphine_IV,739,0,-739,True,-1.0
2024-12-02,Heparine,13522,0,-13522,True,-1.0
2024-12-02,Insuline,120882,0,-120882,True,-1.0
2024-12-03,Paracétamol_1g,4848,16200,133295,False,27.5
2024-12-03,Antibiotiques,3236,2916,-320,True,-0.1
2024-12-03,Morphine_IV,813,648,-165,True,-0.2
2024-12-03,Heparine,12328,9720,-2608,True,-0.2
2024-12-03,Insuline,119338,19440,-99898,True,-0.8
2024-12-04,Paracétamol_1g,4779,0,128516,False,26.9
2024-12-04,Antibiotiques,3674,0,-3674,True,-1.0
2024-12-04,Morphine_IV,845,0,-845,True,-1.0
2024-12-04,Heparine,11047,0,-11047,True,-1.0
2024-12-04,Insuline,121419,0,-121419,True,-1.0
2024-12-05,Paracétamol_1g,5016,16200,139700,False,27.8
2024-12-05,Antibiotiques,3528,2916,-612,True,-0.2
2024-12-05,Morphine_IV,811,648,-163,True,-0.2
2024-12-05,Heparine,11480,9720,-1760,True,-0.2
2024-12-05,Insuline,122337,19440,-102897,True,-0.8
2024-12-06,Paracétamol_1g,5039,0,134660,False,26.7
2024-12-06,Antibiotiques,3547,0,-3547,True,-1.0
2024-12-06,Morphine_IV,813,0,-813,True,-1.0
2024-12-06,Heparine,12443,0,-12443,True,-1.0
2024-12-06,Insuline,116788,0,-116788,True,-1.0
2024-12-07,Paracétamol_1g,5249,0,129411,False,24.7
2024-12-07,Antibiotiques,3571,0,-3571,True,-1.0
2024-12-07,Morphine_IV,801,0,-801,True,-1.0
2024-12-07,Heparine,11463,0,-11463,True,-1.0
2024-12-07,Insuline,110721,0,-110721,True,-1.0
2024-12-08,Paracétamol_1g,4912,0,124499,False,25.3
2024-12-08,Antibiotiques,3527,0,-3527,True,-1.0
2024-12-08,Morphine_IV,821,0,-821,True,-1.0
2024-12-08,Heparine,11228,0,-11228,True,-1.0
2024-12-08,Insuline,112971,0,-112971,True,-1.0
2024-12-09,Paracétamol_1g,4843,0,119656,False,24.7
2024-12-09,Antibiotiques,3298,0,-3298,True,-1.0
2024-12-09,Morphine_IV,745,0,-745,True,-1.0
2024-12-09,Heparine,12363,0,-12363,True,-1.0
2024-12-09,Insuline,122495,0,-122495,True,-1.0
2024-12-10,Paracétamol_1g,4873,16200,130983,False,26.9
2024-12-10,Antibiotiques,3381,2916,-465,True,-0.1
2024-12-10,Morphine_IV,799,648,-151,True,-0.2
2024-12-10,Heparine,11697,9720,-1977,True,-0.2
2024-12-10,Insuline,118597,19440,-99157,True,-0.8
2024-12-11,Paracétamol_1g,4993,0,125990,False,25.2
2024-12-11,Antibiotiques,3376,0,-3376,True,-1.0
2024-12-11,Morphine_IV,794,0,-794,True,-1.0
2024-12-11,Heparine,11462,0,-11462,True,-1.0
2024-12-11,Insuline,113295,0,-113295,True,-1.0
2024-12-12,Paracétamol_1g,4650,16200,137540,False,29.6
2024-12-12,Antibiotiques,3399,2916,-483,True,-0.1
2024-12-12,Morphine_IV,827,648,-179,True,-0.2
2024-12-12,Heparine,12090,9720,-2370,True,-0.2
2024-12-12,Insuline,127543,19440,-108103,True,-0.8
2024-12-13,Paracétamol_1g,4772,0,132769,False,27.8
2024-12-13,Antibiotiques,3610,0,-3610,True,-1.0
2024-12-13,Morphine_IV,772,0,-772,True,-1.0
2024-12-13,Heparine,11533,0,-11533,True,-1.0
2024-12-13,Insuline,128434,0,-128434,True,-1.0
2024-12-14,Paracétamol_1g,4687,0,128082,False,27.3
2024-12-14,Antibiotiques,3604,0,-3604,True,-1.0
2024-12-14,Morphine_IV,722,0,-722,True,-1.0
2024-12-14,Heparine,11860,0,-11860,True,-1.0
2024-12-14,Insuline,114773,0,-114773,True,-1.0
2024-12-15,Paracétamol_1g,4647,0,123434,False,26.6
2024-12-15,Antibiotiques,3301,0,-3301,True,-1.0
2024-12-15,Morphine_IV,777,0,-777,True,-1.0
2024-12-15,Heparine,11841,0,-11841,True,-1.0
2024-12-15,Insuline,121435,0,-121435,True,-1.0
2024-12-16,Paracétamol_1g,4370,0,119064,False,27.2
2024-12-16,Antibiotiques,3588,0,-3588,True,-1.0
2024-12-16,Morphine_IV,808,0,-808,True,-1.0
2024-12-16,Heparine,11506,0,-11506,True,-1.0
2024-12-16,Insuline,120076,0,-120076,True,-1.0
2024-12-17,Paracétamol_1g,4736,16200,130528,False,27.6
2024-12-17,Antibiotiques,3441,2916,-525,True,-0.2
2024-12-17,Morphine_IV,655,648,-7,True,-0.0
2024-12-17,Heparine,11203,9720,-1483,True,-0.1
2024-12-17,Insuline,129161,19440,-109721,True,-0.8
2024-12-18,Paracétamol_1g,4707,0,125821,False,26.7
2024-12-18,Antibiotiques,3647,0,-3647,True,-1.0
2024-12-18,Morphine_IV,802,0,-802,True,-1.0
2024-12-18,Heparine,12063,0,-12063,True,-1.0
2024-12-18,Insuline,113945,0,-113945,True,-1.0
2024-12-19,Paracétamol_1g,4825,16200,137196,False,28.4
2024-12-19,Antibiotiques,3562,2916,-646,True,-0.2
2024-12-19,Morphine_IV,811,648,-163,True,-0.2
2024-12-19,Heparine,11641,9720,-1921,True,-0.2
2024-12-19,Insuline,128374,19440,-108934,True,-0.8
2024-12-20,Paracétamol_1g,5227,0,131969,False,25.2
2024-12-20,Antibiotiques,3639,0,-3639,True,-1.0
2024-12-20,Morphine_IV,822,0,-822,True,-1.0
2024-12-20,Heparine,12147,0,-12147,True,-1.0
2024-12-20,Insuline,125965,0,-125965,True,-1.0
2024-12-21,Paracétamol_1g,4797,0,127172,False,26.5
2024-12-21,Antibiotiques,3249,0,-3249,True,-1.0
2024-12-21,Morphine_IV,785,0,-785,True,-1.0
2024-12-21,Heparine,10393,0,-10393,True,-1.0
2024-12-21,Insuline,126304,0,-126304,True,-1.0
2024-12-22,Paracétamol_1g,4832,0,122340,False,25.3
2024-12-22,Antibiotiques,3090,0,-3090,True,-1.0
2024-12-22,Morphine_IV,761,0,-761,True,-1.0
2024-12-22,Heparine,11808,0,-11808,True,-1.0
2024-12-22,Insuline,110991,0,-110991,True,-1.0
2024-12-23,Paracétamol_1g,5367,0,116974,False,21.8
2024-12-23,Antibiotiques,3806,0,-3806,True,-1.0
2024-12-23,Morphine_IV,848,0,-848,True,-1.0
2024-12-23,Heparine,12896,0,-12896,True,-1.0
2024-12-23,Insuline,129239,0,-129239,True,-1.0
2024-12-24,Paracétamol_1g,5137,16200,128037,False,24.9
2024-12-24,Antibiotiques,3387,2916,-471,True,-0.1
2024-12-24,Morphine_IV,786,648,-138,True,-0.2
2024-12-24,Heparine,11940,9720,-2220,True,-0.2
2024-12-24,Insuline,122114,19440,-102674,True,-0.8
2024-12-25,Paracétamol_1g,4815,0,123222,False,25.6
2024-12-25,Antibiotiques,3708,0,-3708,True,-1.0
2024-12-25,Morphine_IV,863,0,-863,True,-1.0
2024-12-25,Heparine,12373,0,-12373,True,-1.0
2024-12-25,Insuline,125037,0,-125037,True,-1.0
2024-12-26,Paracétamol_1g,4494,16200,134928,False,30.0
2024-12-26,Antibiotiques,3397,2916,-481,True,-0.1
2024-12-26,Morphine_IV,856,648,-208,True,-0.2
2024-12-26,Heparine,11778,9720,-2058,True,-0.2
2024-12-26,Insuline,117125,19440,-97685,True,-0.8
2024-12-27,Paracétamol_1g,4639,0,130289,False,28.1
2024-12-27,Antibiotiques,3554,0,-3554,True,-1.0
2024-12-27,Morphine_IV,804,0,-804,True,-1.0
2024-12-27,Heparine,11251,0,-11251,True,-1.0
2024-12-27,Insuline,114981,0,-114981,True,-1.0
2024-12-28,Paracétamol_1g,4412,0,125877,False,28.5
2024-12-28,Antibiotiques,3615,0,-3615,True,-1.0
2024-12-28,Morphine_IV,827,0,-827,True,-1.0
2024-12-28,Heparine,11630,0,-11630,True,-1.0
2024-12-28,Insuline,115419,0,-115419,True,-1.0
2024-12-29,Paracétamol_1g,5000,0,120876,False,24.2
2024-12-29,Antibiotiques,3584,0,-3584,True,-1.0
2024-12-29,Morphine_IV,739,0,-739,True,-1.0
2024-12-29,Heparine,11161,0,-11161,True,-1.0
2024-12-29,Insuline,116638,0,-116638,True,-1.0
2024-12-30,Paracétamol_1g,5053,0,115823,False,22.9
2024-12-30,Antibiotiques,3544,0,-3544,True,-1.0
2024-12-30,Morphine_IV,760,0,-760,True,-1.0
2024-12-30,Heparine,11456,0,-11456,True,-1.0
2024-12-30,Insuline,128910,0,-128910,True,-1.0
2024-12-31,Paracétamol_1g,4911,16200,127112,False,25.9
2024-12-31,Antibiotiques,3745,2916,-829,True,-0.2
2024-12-31,Morphine_IV,804,648,-156,True,-0.2
2024-12-31,Heparine,12537,9720,-2817,True,-0.2
2024-12-31,Insuline,114028,19440,-94588,True,-0.8
